domain,buffer_index,buffer_size,estimated_spoof_prior,target_head_angle_degrees,source_head_norm,target_head_norm,source_bias,target_bias,mean_abs_score_delta_alpha_0.5,target_covariance_condition,runtime_seconds,numeric_status
itw,0,256,0.4605158824522507,75.40281462802858,0.8475844155861917,0.8475844155861917,0.10904654115438461,1.7145528287535852,1.2095186849213173,17519.23329118664,0.00641096499748528,ok
itw,1,256,0.4592172629639741,77.49276317232878,0.8475844155861917,0.8475844155861916,0.10904654115438461,0.11566621929395894,1.283848419810654,17829.943966897026,0.005126214004121721,ok
itw,2,256,0.498022667960853,78.63020121140912,0.8475844155861917,0.8475844155861916,0.10904654115438461,1.575043919185692,1.3464903348934372,18629.489675508492,0.004920778999803588,ok
itw,3,256,0.49969380328562124,82.89550610726738,0.8475844155861917,0.8475844155861917,0.10904654115438461,0.22226636040956335,1.4417795627634984,18942.53758134835,0.005147249990841374,ok
itw,4,256,0.48748426725545896,79.55014855800744,0.8475844155861917,0.8475844155861917,0.10904654115438461,1.2268138145383147,1.318635672382265,18005.80180686326,0.005302732999552973,ok
itw,5,256,0.48890358434395426,78.69376918724268,0.8475844155861917,0.8475844155861917,0.10904654115438461,0.6320823169788304,1.1421567126260261,18436.864056163668,0.005399664005381055,ok
itw,6,256,0.4665429646692329,71.60044292163876,0.8475844155861917,0.8475844155861917,0.10904654115438461,2.0485763574697056,1.216778082937483,17695.164804471126,0.005555094990995713,ok
itw,7,256,0.4524134809876962,85.64665051392555,0.8475844155861917,0.8475844155861917,0.10904654115438461,1.9629206707192428,1.297414644462485,18008.741371885008,0.005493788994499482,ok
itw,8,256,0.45150128617334223,77.37940940432033,0.8475844155861917,0.8475844155861917,0.10904654115438461,1.4602331150461003,1.3244996398711653,18232.445776198892,0.00546350100194104,ok
itw,9,256,0.4893470905882763,75.88831421881896,0.8475844155861917,0.8475844155861916,0.10904654115438461,1.85586587977302,1.3964308137076578,18825.562783263307,0.005455607999465428,ok
itw,10,256,0.4862185659237021,81.68441025587919,0.8475844155861917,0.8475844155861916,0.10904654115438461,0.7651824865969719,1.3024055432610213,18222.535812701626,0.0052372210047906265,ok
itw,11,256,0.48454789656368374,80.58981882545487,0.8475844155861917,0.8475844155861917,0.10904654115438461,0.9909724470688966,1.2759096601621471,19066.028977209007,0.00496814600774087,ok
itw,12,106,0.4674752055564656,93.19139169853113,0.8475844155861917,0.8475844155861917,0.10904654115438461,1.035034082235179,1.5103686654015962,18294.29982406682,0.0033972109958995134,ok
wavefake,0,256,0.3668182358865566,80.54496992888353,0.8475844155861917,0.8475844155861919,0.10904654115438461,1.4193850443051805,1.2307070572477459,8835.084356977472,0.00690623999980744,ok
wavefake,1,256,0.37186036125669675,79.62452882477741,0.8475844155861917,0.8475844155861917,0.10904654115438461,2.7436022872964543,1.199272031450883,9313.66205034359,0.005023588993935846,ok
wavefake,2,256,0.36279648527338704,80.4368043636504,0.8475844155861917,0.8475844155861917,0.10904654115438461,1.6554235512727467,1.3143888211686146,9202.969077705975,0.005551434005610645,ok
wavefake,3,256,0.3744577388850008,79.44037016156024,0.8475844155861917,0.8475844155861919,0.10904654115438461,2.264115662356873,1.2518991801309471,9823.033174871456,0.005475359997944906,ok
wavefake,4,256,0.3584874290449636,76.13936360054598,0.8475844155861917,0.8475844155861916,0.10904654115438461,2.1120788051328807,1.3440135391945196,8810.069550826041,0.0049648319982225075,ok
wavefake,5,256,0.3569729838692378,79.97021817565127,0.8475844155861917,0.8475844155861917,0.10904654115438461,1.9009299074403136,1.3695650610344217,8568.998235053223,0.005396764012402855,ok
wavefake,6,256,0.3509548559732319,80.4405011442226,0.8475844155861917,0.8475844155861917,0.10904654115438461,1.9142049277350448,1.3362805187459967,8071.260660396271,0.005409475998021662,ok
wavefake,7,256,0.37377245178095797,81.22406783427704,0.8475844155861917,0.8475844155861917,0.10904654115438461,2.6011986586328306,1.2212239537181193,9674.352329934742,0.0053900660132057965,ok
wavefake,8,256,0.37189877132334304,76.72541926746027,0.8475844155861917,0.8475844155861917,0.10904654115438461,0.6531991484902726,1.252707792218463,9752.962419084488,0.004600312007823959,ok
wavefake,9,256,0.3629949282783889,75.00131404430745,0.8475844155861917,0.8475844155861916,0.10904654115438461,2.5056557417074545,1.2268183210048438,8927.20471880656,0.00491908700496424,ok
wavefake,10,256,0.36400902590747297,79.40179929037252,0.8475844155861917,0.8475844155861917,0.10904654115438461,1.5067495106753102,1.3479615121847837,9496.259936965933,0.0047878280020086095,ok
wavefake,11,256,0.3609938111495958,81.40212218629733,0.8475844155861917,0.8475844155861916,0.10904654115438461,2.4398891568785768,1.2294519878291492,8950.748708936206,0.004820879999897443,ok
wavefake,12,256,0.3768616825970495,80.15433196108891,0.8475844155861917,0.8475844155861916,0.10904654115438461,2.3335776833859767,1.2438595259246152,10315.20667099248,0.005373042993596755,ok
wavefake,13,256,0.3554395709787204,77.68408898373323,0.8475844155861917,0.8475844155861916,0.10904654115438461,1.227876189416565,1.3460775313913338,8428.205826650945,0.00459279099595733,ok
wavefake,14,256,0.3573813138250533,79.69842564271787,0.8475844155861917,0.8475844155861917,0.10904654115438461,1.271757803796649,1.3207195211386324,8801.188283961306,0.004902185013634153,ok
wavefake,15,256,0.3757258300667162,77.82771592880165,0.8475844155861917,0.8475844155861917,0.10904654115438461,1.6318122584466366,1.2512306284549992,10286.40860234357,0.0049752769991755486,ok
