domain,arm,count,bonafide_count,spoof_count,EER,AUC,balanced_accuracy,FPR,FNR,mean_abs_score_delta,mean_update_norm,mean_source_evidence_damage,mean_objective_reduction,numeric_failures,mean_runtime_seconds,mean_score_delta_bonafide,mean_score_delta_spoof,delta_class_mean_gap,objective_reduction_vs_signed_delta_spearman,helpful_flips,harmful_flips,delta_EER,delta_AUC
in_the_wild,Frozen,512,310,202,0.09900990099009899,0.9578409453848611,0.5693548387096774,0.8612903225806452,0.0,0.0,0.0,0.0,,0,2.1337658040465612e-06,0.0,0.0,0.0,,0,0,0.0,0.0
in_the_wild,ep_no_keep,512,310,202,0.10396039603960394,0.9587831363781539,0.567741935483871,0.864516129032258,0.0,0.03835557076672558,0.011714160266125262,0.170890453656666,,0,0.0016255424221469639,-0.0040610459302702255,-0.04703003433671328,-0.04296898840644305,,0,1,0.004950495049504955,0.0009421909932928463
in_the_wild,O1,512,310,202,0.10396039603960394,0.9587991057170233,0.6064516129032258,0.7870967741935484,0.0,0.09795866819331422,0.016057915335068174,0.15981286426767838,0.003961379537940957,0,0.004538518951136439,-0.07377412896002493,0.04433350678127591,0.11810763574130084,0.23851631247587424,23,0,0.004950495049504955,0.0009581603321622278
in_the_wild,O2,512,310,202,0.10396039603960394,0.9588949217502395,0.567741935483871,0.864516129032258,0.0,0.044049309348338284,0.011528669726672769,0.19975414552367887,0.0065060528030537745,0,0.003215354590338393,-0.004052738869382489,-0.05315239727497101,-0.04909965840558852,-0.4614055609838337,0,1,0.004950495049504955,0.0010539763653784062
in_the_wild,O3,512,310,202,0.10396039603960394,0.9588789524113702,0.5935483870967742,0.8129032258064516,0.0,0.08330575034779031,0.016713055347167938,0.21835751900120215,0.007646589752766886,0,0.004731093595864877,-0.04836191446069748,-0.0043643255635063246,0.04399758889719115,0.15320747615004066,16,1,0.004950495049504955,0.0010380070265091357
asv2019_pa_dev,Frozen,270,270,0,,,,,,0.0,0.0,0.0,,0,1.7797895081996642e-06,0.0,,,,0,0,,
asv2019_pa_dev,ep_no_keep,270,270,0,,,,,,0.06131718235987204,0.011743401882079153,0.1930139228848238,,0,0.001685028177733464,0.06019412886213373,,,,0,16,,
asv2019_pa_dev,O1,270,270,0,,,,,,0.07883525479722905,0.010731108655885759,0.041149810672828205,0.0010634951224481619,0,0.004504846162820252,-0.05600510228563238,,,0.3913789398117029,7,3,,
asv2019_pa_dev,O2,270,270,0,,,,,,0.07294423127615893,0.010221825704381142,0.23615226207402884,0.0021524418566648954,0,0.0031953773185334823,0.07169931431611379,,,-0.9097295954372182,0,23,,
asv2019_pa_dev,O3,270,270,0,,,,,,0.07758279299294507,0.012116143957246094,0.19228235447080805,0.002667223324102384,0,0.004636199581889539,0.031196116849228187,,,-0.2957854931709168,1,14,,
