lr,attack,updates,adapt_seconds,adapter_delta_norm,pooled_source_select_auc,pooled_source_select_eer
0.0001,A01,16,0.13975035099429078,0.09893106154516418,1.0,0.0
0.0001,A02,16,0.04671621200395748,0.10724987226374556,1.0,0.0
0.0001,A03,16,0.05357291200198233,0.10006063937548136,1.0,0.0
0.0001,A04,16,0.05384983301337343,0.09764673931778312,1.0,0.0
0.0001,A05,16,0.056040086012217216,0.09600452857244508,1.0,0.0
0.0001,A06,16,0.05426852000528015,0.09936844491011619,1.0,0.0
0.0003,A01,16,0.05306596199807245,0.22538850502739394,1.0,0.0
0.0003,A02,16,0.053164250013651326,0.2507664889691069,1.0,0.0
0.0003,A03,16,0.05296859599184245,0.22825424714464312,1.0,0.0
0.0003,A04,16,0.05403333999856841,0.23935563326885523,1.0,0.0
0.0003,A05,16,0.05401545199856628,0.24563690460375617,1.0,0.0
0.0003,A06,16,0.0528292219969444,0.25136827766288394,1.0,0.0
0.001,A01,16,0.05085966701153666,0.4393450257924326,1.0,0.0
0.001,A02,16,0.041830248999758624,0.4900269506336446,1.0,0.0
0.001,A03,16,0.03872916800901294,0.4956214038983668,1.0,0.0
0.001,A04,16,0.038632404000964016,0.4712552887410959,1.0,0.0
0.001,A05,16,0.037102941001649015,0.5157881161760857,1.0,0.0
0.001,A06,16,0.03476142400177196,0.4772876209666514,1.0,0.0
