epoch,optimizer_steps,presentations,unique_fit_ids_seen,static_bce,residual_total,supcon,elapsed_seconds,erm_clean_auc,erm_clean_eer,residual_clean_auc,residual_clean_eer,erm_noise_auc,erm_noise_eer,residual_noise_auc,residual_noise_eer,erm_fir_auc,erm_fir_eer,residual_fir_auc,residual_fir_eer
1,179,45824,25380,0.02145278905960601,0.29182582411020164,5.579440292699377,0.9236697760061361,0.9999955223993152,0.0006659056316590251,0.9999967007152849,0.0005707762557077833,0.998528597571475,0.013212221304706853,0.9993148485408363,0.007431874483897605,0.9999955223993152,0.0006659056316590251,0.9999967792696829,0.0005707762557077833
2,358,91648,25380,0.014892918442755771,0.28488770826568816,5.561146312585756,1.8567064970120555,0.9999959937257031,0.0006659056316590251,0.9999971720416728,0.0005707762557077833,0.9987260833279916,0.012271689497716842,0.9996429702611902,0.004851598173515992,0.9999960722801011,0.0006659056316590251,0.9999973291504688,0.0005707762557077833
3,537,137472,25380,0.012370831988668642,0.28173140540469294,5.55696490889821,2.786326718007331,0.9999963864976931,0.0006659056316590251,0.9999975648136626,0.0004756468797564306,0.9988937184132766,0.01084474885844744,0.9997305584149356,0.004946727549467234,0.9999963079432951,0.0006659056316590251,0.9999975648136626,0.0004756468797564306
4,716,183296,25380,0.010910547979685931,0.28146686983508107,5.555140284852609,3.7200601960066706,0.9999964650520909,0.0006659056316590251,0.9999977219224586,0.0004756468797564306,0.9990223905171645,0.009798325722983225,0.9997459550769393,0.004471080669710803,0.9999964650520909,0.0006659056316590251,0.9999978004768566,0.0004756468797564306
5,895,229120,25380,0.0103132179840702,0.2806934472901861,5.553584479752866,4.639243991012336,0.9999964650520909,0.0006659056316590251,0.9999979575856526,0.0005707762557077833,0.9991290673896185,0.008942161339421606,0.9997914380733686,0.0036149162861491835,0.9999965436064889,0.0006659056316590251,0.9999979575856526,0.0005707762557077833
6,1074,274944,25380,0.009431219348871258,0.2807460540499767,5.552832438293116,5.584239123010775,0.9999966221608869,0.0006659056316590251,0.9999979575856526,0.0005707762557077833,0.9992195620560891,0.008257638315441783,0.9997949730212775,0.004128819157720892,0.9999966221608869,0.0006659056316590251,0.9999979575856526,0.0005707762557077833
7,1253,320768,25380,0.0084815860274586,0.28009993104295355,5.551629226300969,6.492605608000304,0.9999967007152849,0.0006659056316590251,0.9999981146944485,0.0005707762557077833,0.9992896325790854,0.007431874483897605,0.9998067561809743,0.004128819157720892,0.9999967792696829,0.0006659056316590251,0.9999980361400506,0.0005707762557077833
8,1432,366592,25380,0.007548312245550769,0.2797754550113358,5.550596117307354,7.414119496010244,0.9999967007152849,0.0006659056316590251,0.9999981932488465,0.0005707762557077833,0.9993416355905468,0.007420091324200961,0.9998191677758548,0.004128819157720892,0.9999967007152849,0.0006659056316590251,0.9999981146944485,0.0005707762557077833
9,1611,412416,25380,0.00803038694664274,0.27954899448922227,5.550484862407493,8.32100977000664,0.9999965436064889,0.0006659056316590251,0.9999983503576425,0.0005707762557077833,0.9994045576633271,0.006606110652353427,0.999847054587137,0.004090563165905614,0.9999967007152849,0.0006659056316590251,0.9999983503576425,0.0005707762557077833
10,1790,458240,25380,0.006732565226610854,0.27931410107532695,5.549342134145385,9.241353826000704,0.9999966221608869,0.0006659056316590251,0.9999983503576425,0.0005707762557077833,0.999440771240795,0.0059931506849315586,0.999853810265363,0.003995433789954372,0.9999967792696829,0.0005707762557077833,0.9999983503576425,0.0005707762557077833
