itw_fold,wavefake_fold,cosine_normalized_direction_delta
0,0,0.6829170787958537
0,1,0.6911936623172721
0,2,0.639867684494726
0,3,0.6635403863299405
0,4,0.6961773408566712
1,0,0.6348669224429084
1,1,0.6563062038422319
1,2,0.5999986538688532
1,3,0.6167603560104495
1,4,0.6570844100298637
2,0,0.6809607894864844
2,1,0.7019461998741282
2,2,0.6606550922795369
2,3,0.6833466700480676
2,4,0.7045490049602637
3,0,0.650006535500744
3,1,0.6661110889680374
3,2,0.6166111113602712
3,3,0.6484975443244669
3,4,0.668867432643175
4,0,0.5970603167738621
4,1,0.6172851880244061
4,2,0.5662751142429185
4,3,0.6015184758388643
4,4,0.6214379788474136
