domain,fold,cos_source_target,angle_degrees,normalized_delta_norm,bias_delta,source_w_norm,target_w_norm
itw,0,0.10531424377428521,83.95472821553906,1.3376739185808437,-6.017738592004197,0.8475844155861917,12.209260570535626
itw,1,0.12777115670979225,82.6591850972206,1.320779196754861,-9.693254321890647,0.8475844155861917,16.420740878932925
itw,2,0.12508009468408238,82.81461882972042,1.322815108256568,-12.528575639838184,0.8475844155861917,18.99340699799178
itw,3,0.11138630120978621,83.60476407538913,1.3331269247826436,-8.00576423515123,0.8475844155861917,15.177460878684007
itw,4,0.1074227252348695,83.83323182752127,1.336096759044891,-13.429796937424948,0.8475844155861917,18.727191603593372
wavefake,0,0.08259163926128603,85.26245109808666,1.3545540673880199,23.92994146293389,0.8475844155861917,51.377182077597965
wavefake,1,0.07720523978587053,85.57205925190577,1.3585247588572904,7.313006587058654,0.8475844155861917,46.3573328854211
wavefake,2,0.07760565193387073,85.5490482857449,1.3582299864648324,7.452799202086857,0.8475844155861917,49.740266234267665
wavefake,3,0.06071440505548425,86.51918007453553,1.370609787608797,5.439322316081781,0.8475844155861917,39.367657370080515
wavefake,4,0.09449772171946615,84.57758866677196,1.3457356934261155,9.362399388731173,0.8475844155861917,34.17752681911086
