domain,arm,fold,count,auc,eer
itw,Frozen,0,636,0.9655172413793104,0.09852216748768473
itw,Frozen,1,636,0.9690940244163633,0.09130434782608698
itw,Frozen,2,636,0.9603341186549582,0.11739130434782608
itw,Frozen,3,636,0.9672520882415935,0.08260869565217388
itw,Frozen,4,634,0.9546714108577282,0.10617283950617284
itw,H0_bias,0,636,0.9655172413793104,0.09852216748768473
itw,H0_bias,1,636,0.9690940244163633,0.09130434782608698
itw,H0_bias,2,636,0.9603341186549582,0.11739130434782608
itw,H0_bias,3,636,0.9672520882415935,0.08260869565217388
itw,H0_bias,4,634,0.9546714108577282,0.10617283950617284
itw,H1_scale_bias,0,636,0.9655172413793104,0.09852216748768473
itw,H1_scale_bias,1,636,0.9690940244163633,0.09130434782608698
itw,H1_scale_bias,2,636,0.9603341186549582,0.11739130434782608
itw,H1_scale_bias,3,636,0.9672520882415935,0.08260869565217388
itw,H1_scale_bias,4,634,0.9546714108577282,0.10617283950617284
itw,H2_direction,0,636,0.9686228314414221,0.08695652173913049
itw,H2_direction,1,636,0.9726172627971729,0.08695652173913049
itw,H2_direction,2,636,0.964671235810666,0.10591133004926108
itw,H2_direction,3,636,0.970432640822446,0.07826086956521738
itw,H2_direction,4,634,0.9621650762844358,0.10917030567685593
itw,H3_full_linear,0,636,0.9733883058470765,0.07389162561576355
itw,H3_full_linear,1,636,0.9769115442278861,0.06956521739130439
itw,H3_full_linear,2,636,0.9669308203041337,0.11083743842364532
itw,H3_full_linear,3,636,0.9787427714714072,0.06157635467980296
itw,H3_full_linear,4,634,0.968774597013316,0.09876543209876543
itw,H4_nonlinear_upper_bound,0,636,0.9759584493467552,0.08260869565217388
itw,H4_nonlinear_upper_bound,1,636,0.9742450203469694,0.07826086956521738
itw,H4_nonlinear_upper_bound,2,636,0.9688263011351467,0.10869565217391308
itw,H4_nonlinear_upper_bound,3,636,0.9794174341400729,0.060869565217391286
itw,H4_nonlinear_upper_bound,4,634,0.9735619170844789,0.0873362445414847
