domain,fold,delta_norm,projection_norm,residual_norm,explained_fraction,cosine_delta_projection,bounded_explained_fraction,required_q_norm,allowed_q_norm
itw,0,1.1337915665252354,0.4622600812381162,1.0352772237511756,0.16622882614872742,0.4077116983223191,0.03298455390397248,0.46226008318482126,0.048396227809859534
itw,1,1.1194718635998684,0.4691143617471048,1.0164393563958547,0.17560266091277552,0.4190497153276744,0.03436318505142477,0.46911436375298543,0.048396227809859534
itw,2,1.1211974704602279,0.47258199035098397,1.0167349833565889,0.1776601872768725,0.4214975566771191,0.03452449056124207,0.4725819923512682,0.048396227809859534
itw,3,1.129937605444114,0.46799583305565046,1.028464335101631,0.1715438082645563,0.4141784775799074,0.03364477674954924,0.4679958351193898,0.048396227809859534
itw,4,1.1324547906816687,0.46983865033364475,1.0303909413377073,0.17212966910399752,0.41488513098313534,0.03363445940008247,0.46983865224904403,0.048396227809859534
wavefake,0,1.1480989175869736,0.47800143734513784,1.0438609801957557,0.1733403982699583,0.41634168860755855,0.03332349678695623,0.4780014396909043,0.048396227809859534
wavefake,1,1.1514644137954286,0.4758759903442444,1.0485286518046362,0.17079948078540644,0.4132789422422574,0.032973821934163094,0.47587599265361,0.048396227809859534
wavefake,2,1.151214569309436,0.4778033860992766,1.047377154803944,0.17226057475687784,0.4150428629549596,0.033128902572342134,0.4778033884104628,0.048396227809859534
wavefake,3,1.1617074958271165,0.47473445661667946,1.0602789713686773,0.16699671391750748,0.40865231824115306,0.032313035412042335,0.47473445895227756,0.048396227809859534
wavefake,4,1.1406246012460526,0.47515087863121397,1.0369455718978458,0.1735312138754573,0.4165707830330153,0.03354958062142421,0.47515088095950153,0.048396227809859534
