domain,arm,fold,count,bonafide,spoof,auc,eer,best_epoch,inner_validation_bce,train_count,inner_val_count,parameter_count,R_norm
wavefake,C1_supervised_R,0,820,410,410,0.9061154074955383,0.16341463414634147,1,1.0118125677108765,2948,328,64,0.10000001639127731
wavefake,C1_supervised_R,1,820,410,410,0.9108804283164783,0.1682926829268293,5,0.97933030128479,2948,328,64,0.10000000149011612
wavefake,C1_supervised_R,2,820,410,410,0.9099643069601427,0.1585365853658537,2,1.0562418699264526,2948,328,64,0.10000000894069672
wavefake,C1_supervised_R,3,818,409,409,0.911000053801687,0.16136919315403422,8,1.089343786239624,2950,328,64,0.09999999403953552
wavefake,C1_supervised_R,4,818,409,409,0.9251200076517955,0.15158924205378976,1,0.9549587368965149,2950,328,64,0.10000000149011612
wavefake,C2_linear,0,820,410,410,0.9454550862581796,0.12682926829268293,71,0.2463689148426056,2948,328,161,
wavefake,C2_linear,1,820,410,410,0.9431528851873885,0.11707317073170731,73,0.27935054898262024,2948,328,161,
wavefake,C2_linear,2,820,410,410,0.958078524687686,0.11219512195121951,74,0.30649518966674805,2948,328,161,
wavefake,C2_linear,3,818,409,409,0.9494204362719018,0.11491442542787286,55,0.28159794211387634,2950,328,161,
wavefake,C2_linear,4,818,409,409,0.9640186273396262,0.10513447432762836,44,0.304289311170578,2950,328,161,
wavefake,C3_nonlinear,0,820,410,410,0.9481796549672814,0.12439024390243902,10,0.2579877972602844,2948,328,5185,
wavefake,C3_nonlinear,1,820,410,410,0.9402676977989292,0.12439024390243902,20,0.2507157623767853,2948,328,5185,
wavefake,C3_nonlinear,2,820,410,410,0.9605591909577632,0.1048780487804878,20,0.29825323820114136,2948,328,5185,
wavefake,C3_nonlinear,3,818,409,409,0.9531985102910672,0.1198044009779951,12,0.27838221192359924,2950,328,5185,
wavefake,C3_nonlinear,4,818,409,409,0.9635762579133315,0.10024449877750612,10,0.3076670467853546,2950,328,5185,
wavefake,C0_Frozen,0,820,410,410,0.9082361689470553,0.16097560975609757,,,,,,
wavefake,C0_Frozen,1,820,410,410,0.9129684711481261,0.1682926829268293,,,,,,
wavefake,C0_Frozen,2,820,410,410,0.9132242712671029,0.15853658536585366,,,,,,
wavefake,C0_Frozen,3,818,409,409,0.9137379618725379,0.1613691931540342,,,,,,
wavefake,C0_Frozen,4,818,409,409,0.9276606428703797,0.1442542787286064,,,,,,
