arm,epoch,train_loss,train_bce,train_reg,source_select_auc,source_select_eer
erm,1,0.005600324075203389,0.005600324075203389,0.0,0.9999868814155377,0.0006659056316590251
erm,2,0.00736113116145134,0.00736113116145134,0.0,0.9999879811771094,0.0006659056316590251
erm,3,0.033938810462132096,0.033938810462132096,0.0,0.9999880597315074,0.0006659056316590251
erm,4,0.0028051216388121246,0.0028051216388121246,0.0,0.9999874312963235,0.0006659056316590251
erm,5,0.031496582506224516,0.031496582506224516,0.0,0.9999868814155377,0.0006659056316590251
erm,6,0.07609582331497222,0.07609582331497222,0.0,0.999985938762762,0.0006659056316590251
erm,7,0.03162289578467607,0.03162289578467607,0.0,0.9999842891204044,0.0006659056316590251
erm,8,0.0057085280306637285,0.0057085280306637285,0.0,0.9999835035764246,0.0006659056316590251
erm,9,0.006758814305067062,0.006758814305067062,0.0,0.9999843676748024,0.0006659056316590251
erm,10,0.03178160348907113,0.03178160348907113,0.0,0.9999845247835983,0.0006659056316590251
erm,11,0.0050627762684598565,0.0050627762684598565,0.0,0.99998562454517,0.0006659056316590251
erm,12,0.0369580908678472,0.0369580908678472,0.0,0.9999871956331295,0.0006659056316590251
erm,13,0.004781116219237447,0.004781116219237447,0.0,0.9999875098507215,0.0006659056316590251
erm,14,0.004410591581836343,0.004410591581836343,0.0,0.9999883739490992,0.0006659056316590251
erm,15,0.003325220802798867,0.003325220802798867,0.0,0.999989238047477,0.0006659056316590251
erm,16,0.01626738120103255,0.01626738120103255,0.0,0.9999897879282629,0.0006659056316590251
erm,17,0.0020414440892636775,0.0020414440892636775,0.0,0.9999901807002528,0.0006659056316590251
erm,18,0.013952869828790427,0.013952869828790427,0.0,0.9999906520266406,0.0006659056316590251
erm,19,0.018327524745836855,0.018327524745836855,0.0,0.9999906520266406,0.0006659056316590251
erm,20,0.002421996579505503,0.002421996579505503,0.0,0.9999906520266406,0.0006659056316590251
dch,1,0.006637756363488734,0.004753292792884167,0.0018844634760171175,0.9999898664826609,0.0006659056316590251
dch,2,0.0037651072721928357,0.002970101870596409,0.0007950054132379591,0.9999897879282629,0.0006659056316590251
dch,3,0.03582552326843143,0.03470300320768729,0.0011225199210457503,0.9999888452754871,0.0006659056316590251
dch,4,0.0024000830482691525,0.0020851248409599066,0.0003149581840261817,0.9999897879282629,0.0006659056316590251
dch,5,0.04155469369143248,0.041181279008742425,0.00037341546849347653,0.9999879026227114,0.0006659056316590251
dch,6,0.05872968235053122,0.05788132522138767,0.0008483557321596891,0.9999791830845358,0.0006659056316590251
dch,7,0.036269469745457174,0.034731362201273444,0.0015381065430119633,0.9999901807002528,0.0006659056316590251
dch,8,0.0027648305986076593,0.0014596300665289164,0.0013052006019279362,0.999992772995386,0.0006659056316590251
dch,9,0.002699341834522784,0.0014538688235916197,0.0012454730225726963,0.9999933228761718,0.0006659056316590251
dch,10,0.050216483604162934,0.04919218223076314,0.0010243027354590595,0.999992694440988,0.0006659056316590251
dch,11,0.002023881213972345,0.0013567149580921978,0.0006671662849839777,0.9999919088970083,0.0006659056316590251
dch,12,0.04418105985969305,0.04362849502358586,0.0005525642656721175,0.9999917517882123,0.0006659056316590251
dch,13,0.004193112440407276,0.0035781841725111008,0.0006149282329715788,0.9999903378090487,0.0006659056316590251
dch,14,0.006794008519500494,0.00599339883774519,0.0008006095653399825,0.9999909662442326,0.0006659056316590251
dch,15,0.0036409805994480847,0.0026975606568157675,0.0009434199542738497,0.9999917517882123,0.0006659056316590251
dch,16,0.01719757600221783,0.01620021284907125,0.0009973631531465799,0.9999919874514063,0.0006659056316590251
dch,17,0.0018526791827753186,0.0008719465346075595,0.0009807326830923557,0.9999921445602022,0.0006659056316590251
dch,18,0.014363559428602457,0.013426194281782955,0.0009373656823299826,0.9999920660058043,0.0006659056316590251
dch,19,0.019308693148195742,0.018372188531793655,0.0009365043253637851,0.9999915161250184,0.0006659056316590251
dch,20,0.0029256348498165607,0.002062147739343345,0.0008634870639070869,0.9999912019074265,0.0006659056316590251
