method,stream,order_seed,segment,domain,count,auc,eer,fpr,fnr,balanced_accuracy,rolling_valid_count,rolling_na_count,rolling_mean_auc,rolling_mean_eer,rolling_worst_auc,rolling_worst_eer,first256_auc,first256_eer
frozen,S1,2026,0,ITW,3178,0.9633087850193088,0.09857072449482504,0.5130606209955643,0.004351610095735422,0.7412938844543502,23,0,0.9627855147511766,0.0978337668572767,0.9446852425180599,0.13609467455621302,,
bn_only,S1,2026,0,ITW,3178,0.9386317885868141,0.12370625924100542,0.35633316904879253,0.015665796344647518,0.81400051730328,23,0,0.938509808913636,0.12430283841547526,0.9119131267965507,0.15976331360946747,,
tent,S1,2026,0,ITW,3178,0.9377142830180829,0.12445604873803306,0.36126170527353374,0.015665796344647518,0.8115362491909094,23,0,0.9375097326627588,0.1261099104027906,0.9108910891089109,0.15789473684210525,,
eata,S1,2026,0,ITW,3178,0.9382637569000579,0.12358572671888601,0.3558403154263184,0.015665796344647518,0.814246944114517,23,0,0.9382247261711568,0.12385056375127991,0.912104758862983,0.15204678362573099,,
rotta,S1,2026,0,ITW,3178,0.9086755963678962,0.16313454903893543,0.7644159684573681,0.0026109660574412533,0.6164865327425952,23,0,0.9520635991258453,0.11649656638887537,0.9215686274509803,0.15151515151515152,,
lame,S1,2026,0,ITW,3178,0.9524741552107153,0.10448496796451454,0.2799408575653031,0.022628372497824196,0.8487153849684363,23,0,0.952614250652524,0.10413737972810722,0.9259717922256622,0.15204678362573099,,
frozen,S2,2026,0,WaveFake,4096,0.9150009155273438,0.15771484375,0.06005859375,0.263671875,0.838134765625,31,0,0.9150988866820771,0.15674757300320447,0.8636974584555229,0.2283464566929134,,
bn_only,S2,2026,0,WaveFake,4096,0.9016807079315186,0.1728515625,0.1279296875,0.1962890625,0.837890625,31,0,0.9022296761250056,0.16780029471475652,0.8489736070381232,0.24031007751937983,,
tent,S2,2026,0,WaveFake,4096,0.8856480121612549,0.18701171875,0.66552734375,0.04833984375,0.64306640625,31,0,0.9034963403790011,0.16668733817536488,0.8488514173998045,0.23622047244094488,,
eata,S2,2026,0,WaveFake,4096,0.9017221927642822,0.171875,0.126953125,0.1982421875,0.83740234375,31,0,0.9022512648822826,0.16774697559985383,0.8490347018572825,0.24031007751937983,,
rotta,S2,2026,0,WaveFake,4096,0.8899266719818115,0.1708984375,0.857421875,0.0390625,0.5517578125,31,0,0.9215252017588501,0.15247275012842595,0.8376068376068376,0.2446043165467626,,
lame,S2,2026,0,WaveFake,4096,0.8458912372589111,0.23779296875,0.013671875,0.44189453125,0.772216796875,31,0,0.8454234211044694,0.2357125666101967,0.7542888765910348,0.3237410071942446,,
frozen,S3,2026,0,LA21,4096,0.9747445583343506,0.0654296875,0.2646484375,0.00439453125,0.865478515625,31,0,0.9745641971619305,0.06389207234897283,0.9561740828908014,0.10236220472440945,,
bn_only,S3,2026,0,LA21,4096,0.9533066749572754,0.08447265625,0.19384765625,0.01611328125,0.89501953125,31,0,0.9538084712557302,0.08391447272506804,0.9242979242979243,0.11627906976744186,,
tent,S3,2026,0,LA21,4096,0.9539937973022461,0.087890625,0.1826171875,0.01708984375,0.900146484375,31,0,0.9551454740939397,0.08347756806789666,0.9244810744810745,0.11627906976744186,,
eata,S3,2026,0,LA21,4096,0.9532260894775391,0.08544921875,0.1923828125,0.01611328125,0.895751953125,31,0,0.9537195518664647,0.08436417534836348,0.9244200244200245,0.11811023622047245,,
rotta,S3,2026,0,LA21,4096,0.956398606300354,0.0869140625,0.44384765625,0.00146484375,0.77734375,31,0,0.9595283551582975,0.07470618125708277,0.9248000976622108,0.12403100775193798,,
lame,S3,2026,0,LA21,4096,0.9720573425292969,0.068359375,0.1416015625,0.01953125,0.91943359375,31,0,0.9719691926761288,0.06608696740445974,0.9471403283891839,0.10852713178294571,,
frozen,S4,2026,0,DF21,4096,0.9914896488189697,0.03759765625,0.2080078125,0.001953125,0.89501953125,31,0,0.9914399770540111,0.03806042027693071,0.9815770081061165,0.0672268907563025,,
bn_only,S4,2026,0,DF21,4096,0.9666121006011963,0.068359375,0.16259765625,0.00439453125,0.91650390625,31,0,0.9673803141538379,0.06910385616251717,0.9340592121360412,0.10447761194029848,,
tent,S4,2026,0,DF21,4096,0.9680147171020508,0.06591796875,0.15087890625,0.005859375,0.921630859375,31,0,0.9692258651758173,0.06631033737350205,0.938952777098116,0.09701492537313428,,
eata,S4,2026,0,DF21,4096,0.9663605690002441,0.068359375,0.16259765625,0.00439453125,0.91650390625,31,0,0.9671250640249103,0.06965731846242972,0.9331416687056521,0.10655737704918032,,
rotta,S4,2026,0,DF21,4096,0.9645688533782959,0.0791015625,0.41064453125,0.0009765625,0.794189453125,31,0,0.9829008715241694,0.053866310088702726,0.964873495455662,0.08695652173913043,,
lame,S4,2026,0,DF21,4096,0.9876265525817871,0.044921875,0.1318359375,0.00634765625,0.930908203125,31,0,0.9878106863582039,0.04616046424759276,0.9754974207811349,0.07377049180327869,,
frozen,S5,2026,0,ITW,3178,0.9633087850193088,0.09857072449482504,0.5130606209955643,0.004351610095735422,0.7412938844543502,23,0,0.9627869874712994,0.10111278209684907,0.9407612639356158,0.147239263803681,,
frozen,S5,2026,1,LA21,4096,0.9747445583343506,0.0654296875,0.2646484375,0.00439453125,0.865478515625,31,0,0.9747269859395087,0.0623899643705287,0.9478632478632478,0.09322033898305085,0.9725130088766453,0.0826446280991735
frozen,S5,2026,2,WaveFake,4096,0.9150009155273438,0.15771484375,0.06005859375,0.263671875,0.838134765625,31,0,0.9151403602420903,0.15729382491797417,0.8801076584291656,0.18705035971223016,0.9063663553683696,0.1732283464566929
frozen,S5,2026,3,DF21,4096,0.9914896488189697,0.03759765625,0.2080078125,0.001953125,0.89501953125,31,0,0.9915878025640388,0.03700722607930506,0.9777954489845853,0.0703125,0.9924019607843138,0.03676470588235294
bn_only,S5,2026,0,ITW,3178,0.9357394369973075,0.1296779808529156,0.3489403647116806,0.015665796344647518,0.817696919471836,23,0,0.937524645946796,0.129096175431051,0.9095361567271679,0.16853932584269662,,
bn_only,S5,2026,1,LA21,4096,0.9556818008422852,0.08251953125,0.189453125,0.01611328125,0.897216796875,31,0,0.9559307126289684,0.08130816077436191,0.9293780137947872,0.1159420289855072,0.9558616467707377,0.08148148148148149
bn_only,S5,2026,2,WaveFake,4096,0.8969957828521729,0.1826171875,0.14697265625,0.205078125,0.823974609375,31,0,0.8976574033050844,0.18091217530007175,0.8521797946258378,0.237410071942446,0.882561191478972,0.1889763779527559
bn_only,S5,2026,3,DF21,4096,0.9722635746002197,0.0654296875,0.1552734375,0.00439453125,0.920166015625,31,0,0.9734404883636691,0.06299207835767623,0.9473103109857082,0.10483870967741936,0.9597426470588235,0.08823529411764706
tent,S5,2026,0,ITW,3178,0.9355009456012278,0.13228894691035686,0.34647609659931,0.016536118363794605,0.8184938925184477,23,0,0.9371552351332816,0.12990872273450113,0.9078795736099107,0.15950920245398773,,
tent,S5,2026,1,LA21,4096,0.9578561782836914,0.080078125,0.1630859375,0.02197265625,0.907470703125,31,0,0.9583519841006679,0.07953619059191666,0.9352987853262528,0.11475409836065574,0.9595347413529232,0.08888888888888889
tent,S5,2026,2,WaveFake,4096,0.8907983303070068,0.18896484375,0.05322265625,0.32568359375,0.810546875,31,0,0.897043698127617,0.18073858630350956,0.8507655414130234,0.2318840579710145,0.8825001525972044,0.1889763779527559
tent,S5,2026,3,DF21,4096,0.9791326522827148,0.05419921875,0.09716796875,0.013671875,0.944580078125,31,0,0.9804168720584076,0.05123515945643795,0.95587158203125,0.08759124087591241,0.973468137254902,0.0661764705882353
eata,S5,2026,0,ITW,3178,0.9350376889325838,0.12962050271069492,0.34943321833415475,0.016536118363794605,0.8170153316510254,23,0,0.9367601104754967,0.1299876914352085,0.9080236243157591,0.17415730337078653,,
eata,S5,2026,1,LA21,4096,0.9554024934768677,0.0830078125,0.1904296875,0.015625,0.89697265625,31,0,0.9558092033020689,0.0810982734677004,0.9284624305682719,0.1159420289855072,0.9559840832568105,0.08148148148148149
eata,S5,2026,2,WaveFake,4096,0.8970460891723633,0.18212890625,0.1484375,0.20458984375,0.823486328125,31,0,0.897730320612849,0.18003298766290413,0.8518108590051036,0.237410071942446,0.8820118415430629,0.1889763779527559
eata,S5,2026,3,DF21,4096,0.9715380668640137,0.0673828125,0.1552734375,0.0048828125,0.919921875,31,0,0.972853613364438,0.063329420980474,0.9463902349260872,0.10483870967741936,0.9585171568627451,0.08823529411764706
rotta,S5,2026,0,ITW,3178,0.9296386040360808,0.14273281114012182,0.7294233612617053,0.005221932114882507,0.632677353311706,23,0,0.9529655335712036,0.11222056836748143,0.9313938914176397,0.15950920245398773,,
rotta,S5,2026,1,LA21,4096,0.9557268619537354,0.080078125,0.5302734375,0.0,0.73486328125,31,0,0.9563649021269692,0.07900931864471478,0.9246642246642247,0.1076923076923077,0.9617998163452709,0.08888888888888889
rotta,S5,2026,2,WaveFake,4096,0.9142544269561768,0.16162109375,0.9013671875,0.0048828125,0.546875,31,0,0.9284813495769277,0.14358506586083802,0.904875366568915,0.18487394957983194,0.9135079045351889,0.16535433070866143
rotta,S5,2026,3,DF21,4096,0.9784564971923828,0.04931640625,0.43994140625,0.00048828125,0.77978515625,31,0,0.9868439881511251,0.045483052242504915,0.9657450452654759,0.08571428571428572,0.9781862745098039,0.07352941176470588
lame,S5,2026,0,ITW,3178,0.9519152446188234,0.10617928633594431,0.2799408575653031,0.026979982593559618,0.8465395799205686,23,0,0.9515566090316019,0.10826052120629882,0.9163533214591991,0.147239263803681,,
lame,S5,2026,1,LA21,4096,0.9733263254165649,0.06640625,0.1396484375,0.01904296875,0.920654296875,31,0,0.9731737827259118,0.06413484604705484,0.9369352869352869,0.10144927536231885,0.9729415365779002,0.08148148148148149
lame,S5,2026,2,WaveFake,4096,0.8410294055938721,0.234375,0.0166015625,0.4384765625,0.7724609375,31,0,0.8406200506077686,0.23290297818059763,0.7818975588759761,0.28776978417266186,0.8311054141488128,0.23622047244094488
lame,S5,2026,3,DF21,4096,0.9876790046691895,0.04296875,0.1337890625,0.00634765625,0.929931640625,31,0,0.9885181178982655,0.04150965388230425,0.9656982421875,0.078125,0.9849877450980392,0.051470588235294115
frozen,S6,2026,0,DF21,4096,0.9914896488189697,0.03759765625,0.2080078125,0.001953125,0.89501953125,31,0,0.9915522729718952,0.038844514381057356,0.9824046920821115,0.05426356589147287,,
frozen,S6,2026,1,WaveFake,4096,0.9150009155273438,0.15771484375,0.06005859375,0.263671875,0.838134765625,31,0,0.9155957364192081,0.15453088266922937,0.8775597530411394,0.19512195121951215,0.8996843864100501,0.16783216783216784
frozen,S6,2026,2,LA21,4096,0.9747445583343506,0.0654296875,0.2646484375,0.00439453125,0.865478515625,31,0,0.9749469714099616,0.06545098766564016,0.9520405669599218,0.09848484848484851,0.9573740458015267,0.08
frozen,S6,2026,3,ITW,3178,0.9633087850193088,0.09857072449482504,0.5130606209955643,0.004351610095735422,0.7412938844543502,23,0,0.9639744098625346,0.0982524552421953,0.9441610555668911,0.13829787234042556,0.9493039138429209,0.13829787234042556
bn_only,S6,2026,0,DF21,4096,0.9690792560577393,0.068359375,0.15478515625,0.005859375,0.919677734375,31,0,0.9698741394380611,0.06548204520360966,0.9486803519061584,0.08823529411764706,,
bn_only,S6,2026,1,WaveFake,4096,0.8979949951171875,0.1787109375,0.14013671875,0.203125,0.828369140625,31,0,0.8993931825531241,0.1750065638514699,0.8689136285784194,0.21487603305785125,0.9018503620273531,0.17699115044247793
bn_only,S6,2026,2,LA21,4096,0.9554741382598877,0.08544921875,0.19921875,0.01416015625,0.893310546875,31,0,0.9560574461308489,0.08305450744523613,0.9242007457668562,0.13138686131386862,0.9397251908396946,0.0992366412213741
bn_only,S6,2026,3,ITW,3178,0.9401721170100557,0.11923411662315053,0.3568260226712666,0.018276762402088774,0.8124486074633224,23,0,0.9407821485239986,0.11854075226762574,0.9160738714090287,0.14942528735632188,0.9215261360651431,0.14893617021276595
tent,S6,2026,0,DF21,4096,0.9712203741073608,0.0673828125,0.1416015625,0.00732421875,0.925537109375,31,0,0.9724670517412054,0.06477977812604226,0.9527126099706745,0.08823529411764706,,
tent,S6,2026,1,WaveFake,4096,0.8913137912750244,0.19091796875,0.048828125,0.3173828125,0.81689453125,31,0,0.8980067237586059,0.17867329006999913,0.868014705882353,0.23333333333333328,0.8994987313571384,0.18584070796460173
tent,S6,2026,2,LA21,4096,0.9611515998840332,0.07666015625,0.1103515625,0.033203125,0.92822265625,31,0,0.9623331373565076,0.07428383070801328,0.9360948191593352,0.10924369747899154,0.9454045801526717,0.08396946564885499
tent,S6,2026,3,ITW,3178,0.9465496171483893,0.11488250652741516,0.25431246919664857,0.03655352480417755,0.8545670029995869,23,0,0.9471103507576022,0.11125085581446155,0.9174418604651163,0.1419753086419753,0.9324927764644076,0.1419753086419753
eata,S6,2026,0,DF21,4096,0.9688149690628052,0.06787109375,0.15380859375,0.005859375,0.920166015625,31,0,0.9696580497841282,0.06593839533614376,0.9494745845552297,0.08823529411764706,,
eata,S6,2026,1,WaveFake,4096,0.8976366519927979,0.1796875,0.140625,0.203125,0.828125,31,0,0.8990336652045862,0.17559873851919588,0.8676290677758747,0.21487603305785125,0.9022835571508138,0.17699115044247793
eata,S6,2026,2,LA21,4096,0.9552285671234131,0.08642578125,0.19921875,0.01416015625,0.893310546875,31,0,0.9558083570120092,0.08359302905898808,0.9236505898893576,0.13138686131386862,0.9399083969465649,0.0992366412213741
eata,S6,2026,3,ITW,3178,0.939371712432565,0.12124199112863479,0.358304583538689,0.018276762402088774,0.8117093270296112,23,0,0.9399938473117682,0.11974621466301001,0.9134746922024624,0.14942528735632188,0.9203441029682164,0.14893617021276595
rotta,S6,2026,0,DF21,4096,0.970527172088623,0.07373046875,0.47607421875,0.001953125,0.760986328125,31,0,0.983648840356174,0.053457659111495186,0.9695136852394917,0.07258064516129037,,
rotta,S6,2026,1,WaveFake,4096,0.9109621047973633,0.16259765625,0.712890625,0.02783203125,0.629638671875,31,0,0.9278164905118637,0.14363169802373937,0.9020722538052448,0.19834710743801653,0.9183736617364936,0.1504424778761062
rotta,S6,2026,2,LA21,4096,0.9590981006622314,0.0751953125,0.6142578125,0.0,0.69287109375,31,0,0.9605104046374218,0.07503692180178252,0.9357557251908397,0.112,0.9357557251908397,0.112
rotta,S6,2026,3,ITW,3178,0.9581361811608097,0.10879025239338558,0.8575653031049778,0.0,0.571217348447511,23,0,0.9597259337820494,0.10584376692628761,0.9403523090525743,0.14893617021276595,0.9440504334121356,0.14893617021276595
lame,S6,2026,0,DF21,4096,0.9870095252990723,0.04345703125,0.12646484375,0.00732421875,0.93310546875,31,0,0.9871071342648187,0.04166067675593866,0.9789222873900293,0.06060606060606061,,
lame,S6,2026,1,WaveFake,4096,0.8441518545150757,0.2333984375,0.01416015625,0.44970703125,0.76806640625,31,0,0.8449469960673103,0.23427953036283486,0.8049586776859504,0.2727272727272727,0.8255461352806486,0.25874125874125875
lame,S6,2026,2,LA21,4096,0.9730298519134521,0.06494140625,0.14013671875,0.0185546875,0.920654296875,31,0,0.9733183127361089,0.06615342139373191,0.950412213740458,0.09243697478991597,0.950412213740458,0.07633587786259544
lame,S6,2026,3,ITW,3178,0.9491288415452012,0.10399211434204042,0.2863479546574667,0.025239338555265448,0.8442063533936339,23,0,0.9508895975106456,0.10384570714536864,0.9243498817966903,0.14814814814814814,0.9243498817966903,0.14814814814814814
frozen,S1,2027,0,ITW,3178,0.9633087850193088,0.09857072449482504,0.5130606209955643,0.004351610095735422,0.7412938844543502,23,0,0.9649239873280215,0.09905169936620707,0.9375957375957376,0.13333333333333333,,
bn_only,S1,2027,0,ITW,3178,0.9349356008889381,0.13054830287206265,0.3430261212419911,0.015665796344647518,0.8206540412066807,23,0,0.9370649603732673,0.1269795475871699,0.9125541125541126,0.1696969696969697,,
tent,S1,2027,0,ITW,3178,0.933004721357548,0.12880765883376855,0.34746180384425823,0.015665796344647518,0.8184361999055472,23,0,0.9354697132119943,0.12837063338147936,0.9128205128205128,0.17582417582417587,,
eata,S1,2027,0,ITW,3178,0.9342244161142974,0.13208477082306555,0.342533267619517,0.014795474325500435,0.8213356290274914,23,0,0.9364964290185118,0.12733256601913498,0.9122877122877123,0.1696969696969697,,
rotta,S1,2027,0,ITW,3178,0.9404365593584066,0.12619669277632728,0.775258748151799,0.0034812880765883376,0.6106299818858064,23,0,0.9533917734723262,0.1137377321195676,0.9176157176157176,0.18181818181818182,,
lame,S1,2027,0,ITW,3178,0.9510655117849494,0.1054706752094628,0.2814194184327255,0.0278503046127067,0.845365138477284,23,0,0.9538787916873702,0.10559018940999235,0.905960705960706,0.14130434782608692,,
frozen,S2,2027,0,WaveFake,4096,0.9150009155273438,0.15771484375,0.06005859375,0.263671875,0.838134765625,31,0,0.9138675532212392,0.1604800117913922,0.8764986542696355,0.2086330935251799,,
bn_only,S2,2027,0,WaveFake,4096,0.9004426002502441,0.1767578125,0.13818359375,0.19677734375,0.83251953125,31,0,0.9004196341117151,0.1751883131784298,0.8588206508441399,0.22142857142857142,,
tent,S2,2027,0,WaveFake,4096,0.8791570663452148,0.19384765625,0.65185546875,0.06201171875,0.64306640625,31,0,0.9013371492351417,0.17430090918164953,0.8642035723024223,0.22142857142857142,,
eata,S2,2027,0,WaveFake,4096,0.9005086421966553,0.1767578125,0.13623046875,0.2001953125,0.831787109375,31,0,0.900443440352092,0.17479258436772366,0.8589429899681919,0.22142857142857142,,
rotta,S2,2027,0,WaveFake,4096,0.8865020275115967,0.173828125,0.86474609375,0.0419921875,0.546630859375,31,0,0.9196437468962505,0.15670245680555048,0.856198347107438,0.21487603305785125,,
lame,S2,2027,0,WaveFake,4096,0.8483948707580566,0.2314453125,0.01708984375,0.43798828125,0.7724609375,31,0,0.8474527194340864,0.23137567340859486,0.7921142578125,0.2890625,,
frozen,S3,2027,0,LA21,4096,0.9747445583343506,0.0654296875,0.2646484375,0.00439453125,0.865478515625,31,0,0.9747152697314655,0.06471787991682959,0.9598233453965528,0.09482758620689657,,
bn_only,S3,2027,0,LA21,4096,0.95351243019104,0.07958984375,0.19482421875,0.01416015625,0.8955078125,31,0,0.9540467439389752,0.07968222653413187,0.9178503351165221,0.1160714285714286,,
tent,S3,2027,0,LA21,4096,0.954148530960083,0.0771484375,0.18701171875,0.015625,0.898681640625,31,0,0.9548672562768635,0.07904621125898492,0.9179733136567669,0.11428571428571428,,
eata,S3,2027,0,LA21,4096,0.9532681703567505,0.080078125,0.1953125,0.0146484375,0.89501953125,31,0,0.9538414367366376,0.08000554419615921,0.9173584209555432,0.11428571428571428,,
rotta,S3,2027,0,LA21,4096,0.9498934745788574,0.09619140625,0.45947265625,0.001953125,0.769287109375,31,0,0.9593077866151685,0.07720477775764431,0.928396871945259,0.11111111111111116,,
lame,S3,2027,0,LA21,4096,0.9730353355407715,0.06494140625,0.13623046875,0.01953125,0.922119140625,31,0,0.9732586290215773,0.06371458493974029,0.955358789891164,0.09352517985611511,,
frozen,S4,2027,0,DF21,4096,0.9914896488189697,0.03759765625,0.2080078125,0.001953125,0.89501953125,31,0,0.9912346360767399,0.03784945955725981,0.9814541881601572,0.05714285714285714,,
bn_only,S4,2027,0,DF21,4096,0.9717698097229004,0.068359375,0.1494140625,0.00537109375,0.922607421875,31,0,0.9721817862401411,0.06650603340586592,0.9561532792925571,0.10526315789473684,,
tent,S4,2027,0,DF21,4096,0.9727585315704346,0.06494140625,0.13671875,0.0068359375,0.92822265625,31,0,0.9745868382660583,0.06283339425547675,0.9563989191844755,0.10526315789473684,,
eata,S4,2027,0,DF21,4096,0.9715943336486816,0.06884765625,0.14892578125,0.00537109375,0.9228515625,31,0,0.971960136478348,0.06701834019303822,0.9547195453422288,0.10526315789473684,,
rotta,S4,2027,0,DF21,4096,0.9715532064437866,0.078125,0.34912109375,0.00048828125,0.8251953125,31,0,0.9827058881899432,0.05600722762986156,0.9688037337263572,0.078125,,
lame,S4,2027,0,DF21,4096,0.9884793758392334,0.04052734375,0.13134765625,0.005859375,0.931396484375,31,0,0.9881724707276648,0.04150982399221237,0.9742979242979243,0.06201550387596899,,
frozen,S5,2027,0,ITW,3178,0.9633087850193088,0.09857072449482504,0.5130606209955643,0.004351610095735422,0.7412938844543502,23,0,0.9641127046545691,0.09854690494607875,0.9430611850994016,0.1473684210526316,,
frozen,S5,2027,1,LA21,4096,0.9747445583343506,0.0654296875,0.2646484375,0.00439453125,0.865478515625,31,0,0.9743079095519722,0.06565946944578249,0.944793893129771,0.104,0.9846153846153847,0.05555555555555555
frozen,S5,2027,2,WaveFake,4096,0.9150009155273438,0.15771484375,0.06005859375,0.263671875,0.838134765625,31,0,0.915309546690016,0.15847720539223706,0.8809436274509804,0.20930232558139536,0.9157695130902863,0.16393442622950816
frozen,S5,2027,3,DF21,4096,0.9914896488189697,0.03759765625,0.2080078125,0.001953125,0.89501953125,31,0,0.9914901848118367,0.0379403198638036,0.9796356498803901,0.05737704918032787,0.9952452452452453,0.02777777777777779
bn_only,S5,2027,0,ITW,3178,0.9363759859753333,0.12617052735337606,0.3523903400689995,0.017406440382941687,0.8151016097740293,23,0,0.9357570539244899,0.1271490526824098,0.90390625,0.175,,
bn_only,S5,2027,1,LA21,4096,0.9554471969604492,0.07958984375,0.19775390625,0.01513671875,0.8935546875,31,0,0.9565013719922051,0.07772800531106011,0.926412213740458,0.112,0.9570818070818071,0.0873015873015873
bn_only,S5,2027,2,WaveFake,4096,0.9017279148101807,0.17333984375,0.1337890625,0.20703125,0.82958984375,31,0,0.9022788511512799,0.1730491901103947,0.8575879765395894,0.24242424242424243,0.8928920968925862,0.180327868852459
bn_only,S5,2027,3,DF21,4096,0.9686028957366943,0.0712890625,0.1572265625,0.005859375,0.91845703125,31,0,0.96946060722068,0.06840377910665964,0.9280351583958982,0.09523809523809523,0.9773523523523524,0.07432432432432433
tent,S5,2027,0,ITW,3178,0.9354130126224574,0.12619669277632728,0.35386890093642187,0.016536118363794605,0.8147974903498918,23,0,0.934958877090316,0.1262465590654405,0.9026041666666667,0.16875,,
tent,S5,2027,1,LA21,4096,0.9556088447570801,0.0771484375,0.173828125,0.01806640625,0.904052734375,31,0,0.9569995726080907,0.07633031263893962,0.9250076522803795,0.12,0.9576312576312577,0.07936507936507936
tent,S5,2027,2,WaveFake,4096,0.8961238861083984,0.17919921875,0.0556640625,0.310546875,0.81689453125,31,0,0.9022179006243268,0.17335800393742273,0.8542888563049853,0.25,0.8911181795938341,0.180327868852459
tent,S5,2027,3,DF21,4096,0.9751615524291992,0.06005859375,0.10546875,0.01171875,0.94140625,31,0,0.9756398521220985,0.058030897670278886,0.943233839956052,0.08527131782945736,0.9807932932932933,0.0472972972972973
eata,S5,2027,0,ITW,3178,0.9358573958712678,0.1256776737309019,0.3523903400689995,0.017406440382941687,0.8151016097740293,23,0,0.9354246384428314,0.12730247095045624,0.903125,0.175,,
eata,S5,2027,1,LA21,4096,0.9549410343170166,0.07958984375,0.197265625,0.01513671875,0.893798828125,31,0,0.9560464657343404,0.07775552114300006,0.9254961832061068,0.112,0.9566544566544567,0.0873015873015873
eata,S5,2027,2,WaveFake,4096,0.9017150402069092,0.173828125,0.1396484375,0.20166015625,0.829345703125,31,0,0.9020989890378468,0.1726641334051422,0.8561827956989247,0.23484848484848486,0.8924639099584047,0.180327868852459
eata,S5,2027,3,DF21,4096,0.9680273532867432,0.0712890625,0.15673828125,0.005859375,0.918701171875,31,0,0.9689308973742436,0.06965345385465221,0.9277910028688274,0.09523809523809523,0.9772272272272272,0.07432432432432433
rotta,S5,2027,0,ITW,3178,0.9395149788467568,0.12880765883376855,0.8408082799408576,0.0008703220191470844,0.5791606990199977,23,0,0.9514916035937596,0.11775070054046535,0.9237956810631229,0.15151515151515152,,
rotta,S5,2027,1,LA21,4096,0.9586544036865234,0.0791015625,0.82763671875,0.0,0.586181640625,31,0,0.9597014892094735,0.07691233801120279,0.9212824427480916,0.12396694214876036,0.9644688644688645,0.07142857142857142
rotta,S5,2027,2,WaveFake,4096,0.8882513046264648,0.19384765625,0.783203125,0.0224609375,0.59716796875,31,0,0.9272881403567973,0.14404436750563315,0.9004765395894428,0.18461538461538463,0.932285294837289,0.13432835820895522
rotta,S5,2027,3,DF21,4096,0.9862093925476074,0.04736328125,0.359375,0.00048828125,0.820068359375,31,0,0.9884407661610366,0.0435199509381843,0.9724590566153468,0.08333333333333333,0.9850475475475475,0.0472972972972973
lame,S5,2027,0,ITW,3178,0.9499052254065399,0.10791993037423842,0.2779694430754066,0.0278503046127067,0.8470901261559434,23,0,0.9505567885607092,0.10978786984220448,0.9228959025470653,0.1578947368421053,,
lame,S5,2027,1,LA21,4096,0.9724023342132568,0.06640625,0.1396484375,0.01806640625,0.921142578125,31,0,0.9718598001790697,0.06650826549009158,0.9377709923664123,0.1,0.9809523809523809,0.05555555555555555
lame,S5,2027,2,WaveFake,4096,0.8468658924102783,0.22802734375,0.01708984375,0.4482421875,0.767333984375,31,0,0.8480690323504977,0.2235986587656029,0.8135416666666667,0.25806451612903225,0.8347198434059212,0.2462686567164179
lame,S5,2027,3,DF21,4096,0.9879729747772217,0.0419921875,0.13037109375,0.00634765625,0.931640625,31,0,0.9880139341422423,0.04215598533289268,0.9783475433969208,0.06201550387596899,0.9862987987987988,0.03703703703703709
frozen,S6,2027,0,DF21,4096,0.9914896488189697,0.03759765625,0.2080078125,0.001953125,0.89501953125,31,0,0.9913779731472049,0.03882717241939766,0.9798930086699871,0.06481481481481477,,
frozen,S6,2027,1,WaveFake,4096,0.9150009155273438,0.15771484375,0.06005859375,0.263671875,0.838134765625,31,0,0.9149032019718439,0.15831934053924032,0.8893162393162393,0.19491525423728817,0.9092185592185592,0.18253968253968256
frozen,S6,2027,2,LA21,4096,0.9747445583343506,0.0654296875,0.2646484375,0.00439453125,0.865478515625,31,0,0.9745943000947389,0.06413762055212836,0.953549410974791,0.11023622047244097,0.9603664122137404,0.0992366412213741
frozen,S6,2027,3,ITW,3178,0.9633087850193088,0.09857072449482504,0.5130606209955643,0.004351610095735422,0.7412938844543502,23,0,0.9628889598725545,0.10129642433416608,0.9418764302059497,0.15000000000000002,0.9712874779541446,0.06285714285714286
bn_only,S6,2027,0,DF21,4096,0.9722375869750977,0.0634765625,0.15185546875,0.00537109375,0.92138671875,31,0,0.9736903317755055,0.06325431434678916,0.9442002442002442,0.10317460317460317,,
bn_only,S6,2027,1,WaveFake,4096,0.8991327285766602,0.1728515625,0.13916015625,0.19287109375,0.833984375,31,0,0.9017376339983887,0.1702659547118484,0.87221678492782,0.20300751879699253,0.8857142857142857,0.19047619047619047
bn_only,S6,2027,2,LA21,4096,0.9584786891937256,0.07861328125,0.18505859375,0.013671875,0.900634765625,31,0,0.9584758170360653,0.07887551955560802,0.9118546611206264,0.12686567164179105,0.9289160305343511,0.12213740458015265
bn_only,S6,2027,3,ITW,3178,0.9386952719080727,0.12706701479547433,0.3484475110892065,0.016536118363794605,0.8175081852734994,23,0,0.9397588483026024,0.12530725197132994,0.921484375,0.17613636363636365,0.9274074074074075,0.12345679012345678
tent,S6,2027,0,DF21,4096,0.9741122722625732,0.0634765625,0.1416015625,0.0078125,0.92529296875,31,0,0.9765074612368724,0.05840537000910687,0.9481684981684981,0.09523809523809523,,
tent,S6,2027,1,WaveFake,4096,0.892127513885498,0.18798828125,0.0419921875,0.333984375,0.81201171875,31,0,0.901117336848718,0.17302441093044563,0.8724614631759237,0.20300751879699253,0.8848595848595848,0.19841269841269837
tent,S6,2027,2,LA21,4096,0.9643692970275879,0.0712890625,0.10595703125,0.03271484375,0.9306640625,31,0,0.964602269625759,0.07270557666310852,0.921702960606802,0.11940298507462686,0.943206106870229,0.10687022900763354
tent,S6,2027,3,ITW,3178,0.9460340296338428,0.11384918679152292,0.24691966485953673,0.0391644908616188,0.8569579221394222,23,0,0.9468416087718284,0.11471977181218142,0.9294701761545263,0.1625,0.9370017636684304,0.12345679012345678
eata,S6,2027,0,DF21,4096,0.9721527099609375,0.06396484375,0.15185546875,0.00537109375,0.92138671875,31,0,0.9737242864961805,0.06302819048492452,0.9438339438339438,0.10317460317460317,,
eata,S6,2027,1,WaveFake,4096,0.8992092609405518,0.17431640625,0.138671875,0.19287109375,0.834228515625,31,0,0.9017629235794291,0.1710426725019753,0.8724002936138977,0.20300751879699253,0.8858974358974359,0.19047619047619047
eata,S6,2027,2,LA21,4096,0.9583182334899902,0.07958984375,0.18603515625,0.013671875,0.900146484375,31,0,0.9583099018416853,0.07927506758267829,0.9119158306826524,0.13178294573643412,0.9289160305343511,0.12
eata,S6,2027,3,ITW,3178,0.9377846294010992,0.12706701479547433,0.3499260719566289,0.016536118363794605,0.8167689048397883,23,0,0.9386934535334029,0.1265516033849232,0.9201171875,0.17045454545454544,0.9254320987654321,0.14285714285714285
rotta,S6,2027,0,DF21,4096,0.9630119800567627,0.09033203125,0.4638671875,0.00048828125,0.767822265625,31,0,0.981245254361537,0.05840443011016072,0.9671647297546578,0.09090909090909091,,
rotta,S6,2027,1,WaveFake,4096,0.910855770111084,0.1591796875,0.7626953125,0.0205078125,0.6083984375,31,0,0.9264141555913347,0.14541394118624426,0.8893772893772893,0.20769230769230773,0.9121489621489621,0.16153846153846155
rotta,S6,2027,2,LA21,4096,0.9604365825653076,0.07373046875,0.490234375,0.0,0.7548828125,31,0,0.9619876297005782,0.0719324003725654,0.9224369953511132,0.12686567164179105,0.9424732824427481,0.112
rotta,S6,2027,3,ITW,3178,0.9590182990673528,0.10103499260719566,0.9901429275505175,0.0,0.5049285362247412,23,0,0.9585588692024171,0.1041384470375899,0.9364346590909091,0.15000000000000002,0.9684656084656085,0.07407407407407407
lame,S6,2027,0,DF21,4096,0.9870791435241699,0.0400390625,0.1298828125,0.00537109375,0.932373046875,31,0,0.9872806578473092,0.039880495665002375,0.9704236610711431,0.06666666666666665,,
lame,S6,2027,1,WaveFake,4096,0.8460291624069214,0.23583984375,0.0166015625,0.44287109375,0.770263671875,31,0,0.8458137489010973,0.23552393298335406,0.7988874625588361,0.27819548872180455,0.8521978021978022,0.23076923076923078
lame,S6,2027,2,LA21,4096,0.9747049808502197,0.06591796875,0.13232421875,0.01806640625,0.9248046875,31,0,0.975056766662398,0.06650659037451906,0.9462857840444363,0.11023622047244097,0.9509007633587786,0.096
lame,S6,2027,3,ITW,3178,0.9505486374463233,0.10694923607688517,0.2883193691473632,0.024369016536118365,0.8436558071582592,23,0,0.950767905225798,0.10564839858705952,0.9244318181818182,0.1534090909090909,0.9568959435626102,0.0864197530864198
frozen,S1,2028,0,ITW,3178,0.9633087850193088,0.09857072449482504,0.5130606209955643,0.004351610095735422,0.7412938844543502,23,0,0.9640342835602284,0.09778115076822064,0.949685534591195,0.1320754716981132,,
bn_only,S1,2028,0,ITW,3178,0.937874278145309,0.1201044386422977,0.358304583538689,0.020017406440382943,0.810839005010464,23,0,0.940726038139385,0.11821082235879442,0.9101272534464475,0.15217391304347827,,
tent,S1,2028,0,ITW,3178,0.9370777340400571,0.12097476066144475,0.35485460818137016,0.017406440382941687,0.8138694757178441,23,0,0.940319078124804,0.11808580240333287,0.9081389183457051,0.15217391304347827,,
eata,S1,2028,0,ITW,3178,0.9372437343463212,0.1218450826805918,0.35731887629374076,0.020017406440382943,0.8113318586329381,23,0,0.9401482555454515,0.11901443715474043,0.9084703075291622,0.15217391304347827,,
rotta,S1,2028,0,ITW,3178,0.9381878342793635,0.13159191720059144,0.8871365204534253,0.0008703220191470844,0.5559965787637138,23,0,0.9503093806507777,0.1201213553634311,0.9260542661000327,0.16352201257861634,,
lame,S1,2028,0,ITW,3178,0.9530673811113957,0.1044386422976501,0.2828979793001479,0.024369016536118365,0.8463665020818669,23,0,0.9540058422157847,0.10464004882111154,0.9332814627504377,0.14432989690721654,,
frozen,S2,2028,0,WaveFake,4096,0.9150009155273438,0.15771484375,0.06005859375,0.263671875,0.838134765625,31,0,0.9151019731837391,0.1567059719429674,0.8645935960591133,0.20714285714285718,,
bn_only,S2,2028,0,WaveFake,4096,0.8983378410339355,0.1748046875,0.1357421875,0.2041015625,0.830078125,31,0,0.9006097458284139,0.1731399204485235,0.8580665024630542,0.22142857142857142,,
tent,S2,2028,0,WaveFake,4096,0.8811159133911133,0.193359375,0.64013671875,0.06005859375,0.64990234375,31,0,0.900621063713612,0.17268948044944155,0.8562807881773399,0.22142857142857142,,
eata,S2,2028,0,WaveFake,4096,0.8984348773956299,0.17529296875,0.13525390625,0.2041015625,0.830322265625,31,0,0.9007126634947068,0.17224269033554626,0.8586206896551725,0.22142857142857142,,
rotta,S2,2028,0,WaveFake,4096,0.8812007904052734,0.1796875,0.87646484375,0.0419921875,0.540771484375,31,0,0.9211931680857595,0.15219824815149977,0.8504798581820404,0.22556390977443608,,
lame,S2,2028,0,WaveFake,4096,0.842432975769043,0.2353515625,0.01416015625,0.43798828125,0.77392578125,31,0,0.842273131698535,0.23208617684843563,0.7946390234926087,0.2890625,,
frozen,S3,2028,0,LA21,4096,0.9747445583343506,0.0654296875,0.2646484375,0.00439453125,0.865478515625,31,0,0.9747845796009135,0.06382708365021733,0.9587377159250442,0.08955223880597014,,
bn_only,S3,2028,0,LA21,4096,0.9560987949371338,0.08056640625,0.193359375,0.01318359375,0.896728515625,31,0,0.9564538093523774,0.07905303801869883,0.9297442470853934,0.12173913043478257,,
tent,S3,2028,0,LA21,4096,0.9569351673126221,0.07861328125,0.18701171875,0.015625,0.898681640625,31,0,0.9575253433755146,0.078781744591528,0.9301715192577672,0.12056737588652482,,
eata,S3,2028,0,LA21,4096,0.9558846950531006,0.0810546875,0.19287109375,0.01318359375,0.89697265625,31,0,0.9561835761096027,0.07950749809093667,0.9291948971494842,0.12056737588652482,,
rotta,S3,2028,0,LA21,4096,0.952681303024292,0.08935546875,0.49560546875,0.00244140625,0.7509765625,31,0,0.9625616816223664,0.07292120253790363,0.9399314900905309,0.10638297872340426,,
lame,S3,2028,0,LA21,4096,0.9727017879486084,0.064453125,0.1376953125,0.01806640625,0.922119140625,31,0,0.9729040497402348,0.06566316041690984,0.9473844839162546,0.09929078014184398,,
frozen,S4,2028,0,DF21,4096,0.9914896488189697,0.03759765625,0.2080078125,0.001953125,0.89501953125,31,0,0.9915173209556769,0.03837188718488774,0.9788091603053435,0.06611570247933884,,
bn_only,S4,2028,0,DF21,4096,0.9717392921447754,0.06787109375,0.15087890625,0.00439453125,0.92236328125,31,0,0.9719865729951683,0.06639300754005399,0.9472977099236641,0.11194029850746269,,
tent,S4,2028,0,DF21,4096,0.973555326461792,0.06396484375,0.14013671875,0.0078125,0.926025390625,31,0,0.9743312855745773,0.06298004962326148,0.9465038167938932,0.09836065573770492,,
eata,S4,2028,0,DF21,4096,0.971419095993042,0.06787109375,0.14990234375,0.00439453125,0.9228515625,31,0,0.9717239808737121,0.06595686167056374,0.9472977099236641,0.10743801652892562,,
rotta,S4,2028,0,DF21,4096,0.9724664688110352,0.07275390625,0.44677734375,0.001953125,0.775634765625,31,0,0.9821114206118396,0.05695869859498306,0.9581267217630854,0.12396694214876033,,
lame,S4,2028,0,DF21,4096,0.9861235618591309,0.04345703125,0.12841796875,0.005859375,0.932861328125,31,0,0.9862980263566574,0.04460925553622181,0.9763053435114504,0.08264462809917356,,
frozen,S5,2028,0,ITW,3178,0.9633087850193088,0.09857072449482504,0.5130606209955643,0.004351610095735422,0.7412938844543502,23,0,0.9631656843113348,0.10163265055946082,0.9414841451454724,0.14705882352941177,,
frozen,S5,2028,1,LA21,4096,0.9747445583343506,0.0654296875,0.2646484375,0.00439453125,0.865478515625,31,0,0.9748493499631931,0.06149297058254774,0.94281005859375,0.08759124087591241,0.9775658658842228,0.06504065040650409
frozen,S5,2028,2,WaveFake,4096,0.9150009155273438,0.15771484375,0.06005859375,0.263671875,0.838134765625,31,0,0.9142166465804494,0.15826923780676938,0.8779265236261385,0.20634920634920634,0.9402748091603054,0.1297709923664122
frozen,S5,2028,3,DF21,4096,0.9914896488189697,0.03759765625,0.2080078125,0.001953125,0.89501953125,31,0,0.9915848408771024,0.03710046216815598,0.9721200980392157,0.06956521739130435,0.9927908113391984,0.040322580645161255
bn_only,S5,2028,0,ITW,3178,0.9401021995683992,0.12173484475110892,0.34598324297683586,0.016536118363794605,0.8187403193296847,23,0,0.9399567999788335,0.12058872820074326,0.9065663474692203,0.18823529411764706,,
bn_only,S5,2028,1,LA21,4096,0.9549124240875244,0.0830078125,0.19921875,0.0146484375,0.89306640625,31,0,0.9554610078136971,0.07948459046640392,0.9224682573759431,0.12307692307692308,0.9661959777492511,0.06504065040650409
bn_only,S5,2028,2,WaveFake,4096,0.8974955081939697,0.17529296875,0.1337890625,0.19970703125,0.833251953125,31,0,0.8979984817676335,0.1779734919063496,0.865347018572825,0.2192982456140351,0.9219541984732824,0.16030534351145037
bn_only,S5,2028,3,DF21,4096,0.9706873893737793,0.06591796875,0.16162109375,0.005859375,0.916259765625,31,0,0.9716595432700165,0.06367816536910892,0.9492500765228038,0.1037037037037037,0.9599217986314761,0.09090909090909091
tent,S5,2028,0,ITW,3178,0.9389457736622284,0.12173484475110892,0.34499753573188763,0.016536118363794605,0.8192331729521589,23,0,0.9393140456591222,0.12249290312086734,0.9036935704514364,0.19411764705882353,,
tent,S5,2028,1,LA21,4096,0.9556517601013184,0.08251953125,0.169921875,0.01904296875,0.905517578125,31,0,0.9564770652414726,0.07841409420166909,0.9237563638594124,0.12307692307692308,0.9670517757809157,0.06504065040650409
tent,S5,2028,2,WaveFake,4096,0.8904893398284912,0.1865234375,0.048828125,0.326171875,0.8125,31,0,0.8979127871799985,0.17717995606423081,0.8633949826039187,0.22807017543859653,0.923969465648855,0.16793893129770993
tent,S5,2028,3,DF21,4096,0.9791984558105469,0.056640625,0.10546875,0.0146484375,0.93994140625,31,0,0.979787227291064,0.05674922750153963,0.9594819611470861,0.1111111111111111,0.9741568914956011,0.06818181818181818
eata,S5,2028,0,ITW,3178,0.9395169090828762,0.1232134056185313,0.3445046821094135,0.016536118363794605,0.8194795997633959,23,0,0.9394446511327647,0.12093684010414417,0.905608755129959,0.18823529411764706,,
eata,S5,2028,1,LA21,4096,0.9544720649719238,0.08349609375,0.1982421875,0.01513671875,0.893310546875,31,0,0.9550088962935142,0.08034316518394741,0.9222229037600441,0.12307692307692308,0.9665016199034171,0.06766917293233082
eata,S5,2028,2,WaveFake,4096,0.8977305889129639,0.1748046875,0.13525390625,0.19873046875,0.8330078125,31,0,0.8981372259348316,0.17752473420091883,0.8643695014662757,0.2192982456140351,0.9231145038167939,0.16030534351145037
eata,S5,2028,3,DF21,4096,0.9699642658233643,0.06640625,0.16064453125,0.005859375,0.916748046875,31,0,0.9708902771882619,0.0646676249197769,0.9489439853076217,0.1037037037037037,0.9586999022482894,0.09848484848484848
rotta,S5,2028,0,ITW,3178,0.9357282845219513,0.13751087902523929,0.8762937407589946,0.0017406440382941688,0.5609828076013557,23,0,0.9486857409362753,0.11985746610779326,0.9233082706766917,0.1568627450980392,,
rotta,S5,2028,1,LA21,4096,0.9574670791625977,0.08154296875,0.462890625,0.0,0.7685546875,31,0,0.9608106009138262,0.07393706833151216,0.9281727289455929,0.12307692307692308,0.9652790512867535,0.07317073170731703
rotta,S5,2028,2,WaveFake,4096,0.9216132164001465,0.15087890625,0.7568359375,0.01416015625,0.614501953125,31,0,0.9246097163782782,0.1470048467276827,0.8925362185952687,0.20149253731343286,0.9466259541984733,0.1297709923664122
rotta,S5,2028,3,DF21,4096,0.9822542667388916,0.05126953125,0.47216796875,0.0,0.763916015625,31,0,0.9849815257537501,0.04820171893669812,0.9609681372549019,0.08088235294117647,0.9722629521016618,0.06818181818181818
lame,S5,2028,0,ITW,3178,0.9524372662537677,0.1054706752094628,0.2893050763923115,0.025239338555265448,0.8427277925262115,23,0,0.9528065283359765,0.10740443645053874,0.919908466819222,0.14705882352941177,,
lame,S5,2028,1,LA21,4096,0.9730219841003418,0.06689453125,0.14306640625,0.0185546875,0.919189453125,31,0,0.9732386306715289,0.06345977225802474,0.9442433907869717,0.1,0.9793997188092182,0.05691056910569103
lame,S5,2028,2,WaveFake,4096,0.8464380502700806,0.23095703125,0.0146484375,0.44189453125,0.771728515625,31,0,0.8464004312261167,0.23175394350187842,0.7915522187633522,0.2777777777777778,0.8717557251908397,0.21599999999999997
lame,S5,2028,3,DF21,4096,0.9869821071624756,0.04345703125,0.13134765625,0.005859375,0.931396484375,31,0,0.9868946099801686,0.0426479284041556,0.9586397058823529,0.0962962962962963,0.988514173998045,0.056451612903225756
frozen,S6,2028,0,DF21,4096,0.9914896488189697,0.03759765625,0.2080078125,0.001953125,0.89501953125,31,0,0.9917478466605348,0.039306308441222675,0.9801587301587301,0.06504065040650409,,
frozen,S6,2028,1,WaveFake,4096,0.9150009155273438,0.15771484375,0.06005859375,0.263671875,0.838134765625,31,0,0.9145774462575599,0.15860705881201856,0.8726083501436518,0.19727891156462585,0.96124267578125,0.109375
frozen,S6,2028,2,LA21,4096,0.9747445583343506,0.0654296875,0.2646484375,0.00439453125,0.865478515625,31,0,0.9743111372668767,0.06418182784105537,0.9501231527093597,0.09285714285714286,0.97503662109375,0.0625
frozen,S6,2028,3,ITW,3178,0.9633087850193088,0.09857072449482504,0.5130606209955643,0.004351610095735422,0.7412938844543502,23,0,0.9626415135792391,0.10276354027145304,0.9428090832632464,0.13461538461538458,0.9698581560283688,0.1063829787234043
bn_only,S6,2028,0,DF21,4096,0.9714198112487793,0.0673828125,0.16064453125,0.00439453125,0.91748046875,31,0,0.9718411763703045,0.06627945320032724,0.9416971916971917,0.13008130081300814,,
bn_only,S6,2028,1,WaveFake,4096,0.9053080081939697,0.1728515625,0.140625,0.19482421875,0.832275390625,31,0,0.9057756690493451,0.1702480196465415,0.8694582795302219,0.2033898305084746,0.94195556640625,0.140625
bn_only,S6,2028,2,LA21,4096,0.9533536434173584,0.08154296875,0.1923828125,0.0146484375,0.896484375,31,0,0.9534463657033025,0.081261499449675,0.9294950738916257,0.11864406779661017,0.95452880859375,0.078125
bn_only,S6,2028,3,ITW,3178,0.9336063116147455,0.12880765883376855,0.3509117792015771,0.016536118363794605,0.8162760512173142,23,0,0.9353380718668437,0.12936981408682235,0.900336417157275,0.1585365853658537,0.9339374835828737,0.1419753086419753
tent,S6,2028,0,DF21,4096,0.974292516708374,0.0654296875,0.14208984375,0.00537109375,0.92626953125,31,0,0.9747914869629287,0.06252812078785767,0.9507936507936507,0.12195121951219512,,
tent,S6,2028,1,WaveFake,4096,0.8980464935302734,0.1787109375,0.03857421875,0.33642578125,0.8125,31,0,0.9049514590856992,0.17442604723542385,0.8690893439094878,0.22033898305084743,0.9345703125,0.1640625
tent,S6,2028,2,LA21,4096,0.9597117900848389,0.0712890625,0.1044921875,0.0380859375,0.9287109375,31,0,0.9598642804071352,0.07448832906083726,0.9318965517241379,0.10526315789473684,0.9656982421875,0.0703125
tent,S6,2028,3,ITW,3178,0.9413847342343675,0.12419911286347955,0.2538196155741745,0.0391644908616188,0.8535079467821034,23,0,0.9429161313065589,0.12362782955328265,0.9116204093075414,0.1625,0.9405043341213554,0.12345679012345678
eata,S6,2028,0,DF21,4096,0.9712209701538086,0.06689453125,0.16015625,0.00439453125,0.917724609375,31,0,0.9715865807882065,0.06631053143961997,0.9411477411477411,0.13008130081300814,,
eata,S6,2028,1,WaveFake,4096,0.9051921367645264,0.1728515625,0.140625,0.19287109375,0.833251953125,31,0,0.9055717526660904,0.17025882804033898,0.8687204082887536,0.2033898305084746,0.94195556640625,0.140625
eata,S6,2028,2,LA21,4096,0.9530115127563477,0.08251953125,0.1923828125,0.0146484375,0.896484375,31,0,0.9530951698859228,0.08218021356708705,0.9298645320197044,0.11864406779661017,0.95452880859375,0.078125
eata,S6,2028,3,ITW,3178,0.9329819874654756,0.1314186248912097,0.3509117792015771,0.017406440382941687,0.8158408902077405,23,0,0.9347992330798048,0.12917746001428276,0.8997056349873843,0.16666666666666666,0.9332151300236406,0.13829787234042556
rotta,S6,2028,0,DF21,4096,0.9723297357559204,0.0712890625,0.36376953125,0.00146484375,0.8173828125,31,0,0.9835056367394494,0.05526480331294077,0.9684371184371184,0.10569105691056911,,
rotta,S6,2028,1,WaveFake,4096,0.9175734519958496,0.15673828125,0.75390625,0.0166015625,0.61474609375,31,0,0.9262868701295927,0.1474400872209603,0.8884406137294456,0.18253968253968253,0.95697021484375,0.109375
rotta,S6,2028,2,LA21,4096,0.9609756469726562,0.0751953125,0.68798828125,0.0,0.656005859375,31,0,0.9619337053938001,0.07087496954859682,0.9243226600985222,0.10144927536231885,0.96038818359375,0.0703125
rotta,S6,2028,3,ITW,3178,0.9586747170381085,0.1044386422976501,0.9038935436175456,0.0,0.5480532281912271,23,0,0.9589259231831379,0.10580943856630333,0.9379029997196524,0.14473684210526316,0.9631599684791174,0.1063829787234043
lame,S6,2028,0,DF21,4096,0.988365650177002,0.044921875,0.13525390625,0.00537109375,0.9296875,31,0,0.9889209293158561,0.04181702903023543,0.9761599119750596,0.06015037593984962,,
lame,S6,2028,1,WaveFake,4096,0.8460824489593506,0.2333984375,0.013671875,0.43701171875,0.774658203125,31,0,0.8445685657152717,0.23438861737980218,0.780852241283896,0.2991452991452992,0.88397216796875,0.1796875
lame,S6,2028,2,LA21,4096,0.9736983776092529,0.06494140625,0.130859375,0.01953125,0.9248046875,31,0,0.9733372307208762,0.06632025009978498,0.9517241379310345,0.10084033613445378,0.974365234375,0.0625
lame,S6,2028,3,ITW,3178,0.9541007008472878,0.10842779694430754,0.28437654016757025,0.02175805047867711,0.8469327046768764,23,0,0.9530429913551791,0.10743354238022725,0.9236328125,0.1377245508982036,0.9650643551352771,0.0957446808510638
frozen,S1,2029,0,ITW,3178,0.9633087850193088,0.09857072449482504,0.5130606209955643,0.004351610095735422,0.7412938844543502,23,0,0.9651000151004018,0.09993180101096599,0.9374325782092773,0.16504854368932043,,
bn_only,S1,2029,0,ITW,3178,0.9410698912762335,0.12272055199605716,0.3568260226712666,0.016536118363794605,0.8133189294824694,23,0,0.9442661744697379,0.11749586495582814,0.9078247998385252,0.16161616161616166,,
tent,S1,2029,0,ITW,3178,0.939969227746844,0.1256776737309019,0.3558403154263184,0.015665796344647518,0.814246944114517,23,0,0.9432951587392722,0.12011329405655902,0.9026441499024423,0.16560509554140126,,
eata,S1,2029,0,ITW,3178,0.9402377450381136,0.12445604873803306,0.35633316904879253,0.017406440382941687,0.8131301952841329,23,0,0.943648305959433,0.11920704273317245,0.9063446141425016,0.16766467065868262,,
rotta,S1,2029,0,ITW,3178,0.9333493757401919,0.1483489403647117,0.8866436668309512,0.0,0.5566781665845244,23,0,0.9498203681088362,0.12116156570970668,0.9139539310869979,0.1797752808988764,,
lame,S1,2029,0,ITW,3178,0.9508304519197485,0.10645638245441104,0.28240512567767373,0.0278503046127067,0.8448722848548098,23,0,0.9533672086863271,0.10388285106132347,0.9235357573450093,0.15533980582524276,,
frozen,S2,2029,0,WaveFake,4096,0.9150009155273438,0.15771484375,0.06005859375,0.263671875,0.838134765625,31,0,0.915891961037301,0.1546457468839611,0.8833125778331258,0.20161290322580644,,
bn_only,S2,2029,0,WaveFake,4096,0.8997750282287598,0.1796875,0.140625,0.20556640625,0.826904296875,31,0,0.9000167346595238,0.17970611105672993,0.8431506849315068,0.2465753424657534,,
tent,S2,2029,0,WaveFake,4096,0.885218620300293,0.19189453125,0.66796875,0.03955078125,0.646240234375,31,0,0.900358781193428,0.17852147642770375,0.8449564134495642,0.2465753424657534,,
eata,S2,2029,0,WaveFake,4096,0.8997135162353516,0.1796875,0.1396484375,0.2060546875,0.8271484375,31,0,0.8999652078808109,0.1798155278651411,0.8429016189290162,0.2465753424657534,,
rotta,S2,2029,0,WaveFake,4096,0.884814977645874,0.1728515625,0.8740234375,0.04150390625,0.542236328125,31,0,0.9196571455543449,0.1498529072349883,0.8223024223146562,0.23134328358208955,,
lame,S2,2029,0,WaveFake,4096,0.8410482406616211,0.2392578125,0.0166015625,0.44970703125,0.766845703125,31,0,0.8410002706380765,0.2374175089442331,0.7872730607005318,0.30827067669172936,,
frozen,S3,2029,0,LA21,4096,0.9747445583343506,0.0654296875,0.2646484375,0.00439453125,0.865478515625,31,0,0.9752806780393164,0.06270390269639303,0.9481699828052076,0.10810810810810811,,
bn_only,S3,2029,0,LA21,4096,0.9538059234619141,0.083984375,0.19189453125,0.0166015625,0.895751953125,31,0,0.9559501150887234,0.08161117585959073,0.9210267747482191,0.12037037037037035,,
tent,S3,2029,0,LA21,4096,0.9545047283172607,0.0859375,0.18603515625,0.017578125,0.898193359375,31,0,0.9569255220183548,0.08119867589892653,0.9220093343158929,0.12162162162162163,,
eata,S3,2029,0,LA21,4096,0.9534382820129395,0.08447265625,0.19140625,0.0166015625,0.89599609375,31,0,0.9556136594032328,0.08165989160967277,0.9213338246131172,0.12037037037037035,,
rotta,S3,2029,0,LA21,4096,0.9497838020324707,0.095703125,0.4873046875,0.0029296875,0.7548828125,31,0,0.9579830293953625,0.07702444268927187,0.9236059936133628,0.12096774193548387,,
lame,S3,2029,0,LA21,4096,0.973297119140625,0.0654296875,0.138671875,0.02001953125,0.920654296875,31,0,0.9741275896182869,0.06526591629155258,0.9490911323999017,0.10185185185185186,,
frozen,S4,2029,0,DF21,4096,0.9914896488189697,0.03759765625,0.2080078125,0.001953125,0.89501953125,31,0,0.9914081926034666,0.03787598544941565,0.9843740462674724,0.06153846153846154,,
bn_only,S4,2029,0,DF21,4096,0.973926305770874,0.0654296875,0.1572265625,0.00634765625,0.918212890625,31,0,0.9737847108758064,0.06521621484464689,0.9509157509157509,0.1111111111111111,,
tent,S4,2029,0,DF21,4096,0.9763426780700684,0.0634765625,0.1416015625,0.0068359375,0.92578125,31,0,0.9767161938243304,0.061223341709730074,0.9577533577533578,0.10077519379844961,,
eata,S4,2029,0,DF21,4096,0.9735854864120483,0.06494140625,0.15673828125,0.00634765625,0.91845703125,31,0,0.9735019364798605,0.06524799618899776,0.9501831501831501,0.1111111111111111,,
rotta,S4,2029,0,DF21,4096,0.9742765426635742,0.076171875,0.40771484375,0.00048828125,0.7958984375,31,0,0.9851209647608969,0.050155877094871924,0.9741252752630292,0.09090909090909091,,
lame,S4,2029,0,DF21,4096,0.9884140491485596,0.0400390625,0.13134765625,0.0048828125,0.931884765625,31,0,0.9884366451675416,0.03963597802502685,0.973570164194592,0.06201550387596899,,
frozen,S5,2029,0,ITW,3178,0.9633087850193088,0.09857072449482504,0.5130606209955643,0.004351610095735422,0.7412938844543502,23,0,0.963137694148366,0.10013451312217934,0.9478536444828579,0.13157894736842102,,
frozen,S5,2029,1,LA21,4096,0.9747445583343506,0.0654296875,0.2646484375,0.00439453125,0.865478515625,31,0,0.9750389195072049,0.06329297243021237,0.9574558994079229,0.09243697478991597,0.969023569023569,0.0743801652892562
frozen,S5,2029,2,WaveFake,4096,0.9150009155273438,0.15771484375,0.06005859375,0.263671875,0.838134765625,31,0,0.9146642593519072,0.15816880015564924,0.8965750476541844,0.18939393939393945,0.912561274509804,0.16176470588235295
frozen,S5,2029,3,DF21,4096,0.9914896488189697,0.03759765625,0.2080078125,0.001953125,0.89501953125,31,0,0.9915136153658257,0.03666274230552087,0.9817103009542452,0.058394160583941646,0.9937975927290592,0.036231884057971064
bn_only,S5,2029,0,ITW,3178,0.9420152780333554,0.1251848201084278,0.34746180384425823,0.019147084421235857,0.816695555867253,23,0,0.9431272154434948,0.12279326906945587,0.9234649122807017,0.15,,
bn_only,S5,2029,1,LA21,4096,0.9573979377746582,0.08154296875,0.19140625,0.01416015625,0.897216796875,31,0,0.9588462275082014,0.08016931502076224,0.9345663187450406,0.10852713178294571,0.9461891643709825,0.09629629629629632
bn_only,S5,2029,2,WaveFake,4096,0.905376672744751,0.1689453125,0.13427734375,0.1953125,0.835205078125,31,0,0.9060936277764522,0.16623546899153074,0.882051282051282,0.2047244094488189,0.9091299019607844,0.16911764705882354
bn_only,S5,2029,3,DF21,4096,0.9733484983444214,0.06298828125,0.15283203125,0.00537109375,0.9208984375,31,0,0.973833001905281,0.060986404599896966,0.9474584555229717,0.09836065573770492,0.9684966838614592,0.06521739130434778
tent,S5,2029,0,ITW,3178,0.9412903671351993,0.12619669277632728,0.3430261212419911,0.020017406440382943,0.818478236158813,23,0,0.9425266610807913,0.12480499950988196,0.922514619883041,0.15476190476190477,,
tent,S5,2029,1,LA21,4096,0.9590623378753662,0.07958984375,0.1611328125,0.01904296875,0.909912109375,31,0,0.9603752834124775,0.07933822154355374,0.9347972765748636,0.11023622047244094,0.9480869299051117,0.09917355371900827
tent,S5,2029,2,WaveFake,4096,0.8986952304840088,0.17919921875,0.05419921875,0.3134765625,0.816162109375,31,0,0.9060275751451035,0.1707049030068236,0.8789377289377289,0.20491803278688525,0.9066176470588235,0.18333333333333335
tent,S5,2029,3,DF21,4096,0.9791064262390137,0.05029296875,0.09765625,0.01318359375,0.944580078125,31,0,0.9795917597782317,0.050425213457732654,0.9542399804496579,0.08208955223880599,0.9773397199705232,0.05084745762711865
eata,S5,2029,0,ITW,3178,0.9415352926516769,0.12617052735337606,0.34647609659931,0.019147084421235857,0.817188409489727,23,0,0.9428005833159225,0.12355374113597911,0.9223684210526316,0.15,,
eata,S5,2029,1,LA21,4096,0.9570572376251221,0.08251953125,0.19091796875,0.01416015625,0.8974609375,31,0,0.958613198343299,0.08135321368089436,0.9348104742721113,0.11023622047244094,0.9458830731558004,0.09917355371900827
eata,S5,2029,2,WaveFake,4096,0.9051704406738281,0.169921875,0.13623046875,0.1943359375,0.834716796875,31,0,0.9058196431941794,0.1668883852497038,0.8816239316239316,0.20155038759689925,0.9077205882352941,0.16911764705882354
eata,S5,2029,3,DF21,4096,0.9729070663452148,0.06396484375,0.15234375,0.00537109375,0.921142578125,31,0,0.9733998328699016,0.061419903989074855,0.9464198435972629,0.09836065573770492,0.9683738639154998,0.059322033898305086
rotta,S5,2029,0,ITW,3178,0.9131569612249879,0.16884247171453437,0.8723509117792015,0.0026109660574412533,0.5625190610816786,23,0,0.9518651872142164,0.1167111634043337,0.9298106735272775,0.1460674157303371,,
rotta,S5,2029,1,LA21,4096,0.9577350616455078,0.0771484375,0.50048828125,0.00048828125,0.74951171875,31,0,0.9589732483456694,0.07423641114699667,0.9313312580113532,0.10743801652892562,0.9430670339761249,0.10743801652892562
rotta,S5,2029,2,WaveFake,4096,0.8932685852050781,0.18896484375,0.76171875,0.01904296875,0.609619140625,31,0,0.9262392531109194,0.1452281159752595,0.9010378510378511,0.17557251908396945,0.9257352941176471,0.15000000000000002
rotta,S5,2029,3,DF21,4096,0.9862549304962158,0.04833984375,0.3837890625,0.00048828125,0.807861328125,31,0,0.988148817883844,0.043987681605449205,0.9783700980392157,0.07339449541284404,0.9826209776467698,0.04347826086956519
lame,S5,2029,0,ITW,3178,0.9507948497868804,0.10251355347461803,0.2814194184327255,0.026979982593559618,0.8458002994868574,23,0,0.9496822550933472,0.1049282553952573,0.9183952751368482,0.14606741573033707,,
lame,S5,2029,1,LA21,4096,0.9725887775421143,0.06591796875,0.1416015625,0.017578125,0.92041015625,31,0,0.9728613997554248,0.06549300124425826,0.9549533052554477,0.08759124087591241,0.9696969696969697,0.06666666666666665
lame,S5,2029,2,WaveFake,4096,0.8448477983474731,0.2294921875,0.01513671875,0.43603515625,0.7744140625,31,0,0.8438719305899647,0.2304159200646146,0.7856924861136544,0.29230769230769227,0.8524509803921568,0.25
lame,S5,2029,3,DF21,4096,0.98738694190979,0.041015625,0.1328125,0.00634765625,0.930419921875,31,0,0.9875398505598881,0.041424709241168596,0.9764497186200147,0.06201550387596899,0.9927536231884058,0.04347826086956519
frozen,S6,2029,0,DF21,4096,0.9914896488189697,0.03759765625,0.2080078125,0.001953125,0.89501953125,31,0,0.9913932496068167,0.0398442364906136,0.9815052188243911,0.072,,
frozen,S6,2029,1,WaveFake,4096,0.9150009155273438,0.15771484375,0.06005859375,0.263671875,0.838134765625,31,0,0.9156376339017481,0.15801996560463125,0.8703919524013985,0.1984732824427481,0.9007633587786259,0.1984732824427481
frozen,S6,2029,2,LA21,4096,0.9747445583343506,0.0654296875,0.2646484375,0.00439453125,0.865478515625,31,0,0.9745600890653601,0.06477968032737699,0.9557907845579079,0.08955223880597014,0.9728487107797452,0.04504504504504504
frozen,S6,2029,3,ITW,3178,0.9633087850193088,0.09857072449482504,0.5130606209955643,0.004351610095735422,0.7412938844543502,23,0,0.9630655990001021,0.10102138552502513,0.9385416666666667,0.12883435582822086,0.9627284121643908,0.10429447852760736
bn_only,S6,2029,0,DF21,4096,0.9690346717834473,0.064453125,0.15576171875,0.00439453125,0.919921875,31,0,0.9691180252610687,0.06499754116997203,0.9465035829009143,0.096,,
bn_only,S6,2029,1,WaveFake,4096,0.9006912708282471,0.173828125,0.134765625,0.19970703125,0.832763671875,31,0,0.9033121585622664,0.17007553440019757,0.8636843740292016,0.2195121951219512,0.9011297709923665,0.17600000000000005
bn_only,S6,2029,2,LA21,4096,0.9574708938598633,0.078125,0.201171875,0.01220703125,0.893310546875,31,0,0.9589442332853374,0.0759108976423142,0.9270858820650845,0.11194029850746269,0.9684374029201616,0.05405405405405406
bn_only,S6,2029,3,ITW,3178,0.9416521791722375,0.12074913750616068,0.35288319369147364,0.01392515230635335,0.8165958270010865,23,0,0.9415330373947675,0.11937845329210127,0.9148360709809354,0.14457831325301204,0.9421465795896827,0.13496932515337423
tent,S6,2029,0,DF21,4096,0.9712612628936768,0.060546875,0.14306640625,0.00537109375,0.92578125,31,0,0.9716051222954557,0.06073558359326455,0.9491598715097603,0.08843537414965986,,
tent,S6,2029,1,WaveFake,4096,0.8961164951324463,0.18359375,0.04736328125,0.326171875,0.813232421875,31,0,0.9043266669811751,0.17004045970178885,0.857098477788133,0.22522522522522526,0.9018015267175572,0.17557251908396945
tent,S6,2029,2,LA21,4096,0.9611372947692871,0.072265625,0.11328125,0.03515625,0.92578125,31,0,0.9632773518814949,0.07139215878760757,0.9356496207487155,0.11194029850746269,0.9661385523454489,0.05405405405405406
tent,S6,2029,3,ITW,3178,0.9482520854056563,0.1122715404699739,0.24396254312469196,0.031331592689295036,0.8623529320930065,23,0,0.9482021618319424,0.11432104659021654,0.923807639026321,0.14367816091954022,0.9479517118543439,0.1165644171779141
eata,S6,2029,0,DF21,4096,0.9686875343322754,0.064453125,0.1552734375,0.0048828125,0.919921875,31,0,0.9687654264326047,0.06529172381043698,0.946318260439832,0.096,,
eata,S6,2029,1,WaveFake,4096,0.9007797241210938,0.1728515625,0.13525390625,0.19921875,0.832763671875,31,0,0.9033527830739896,0.16946875634278485,0.8633737185461323,0.21804511278195488,0.9011297709923665,0.17600000000000005
eata,S6,2029,2,LA21,4096,0.9572186470031738,0.0791015625,0.20068359375,0.01220703125,0.8935546875,31,0,0.9587708045066105,0.07686204865978272,0.9259848299486175,0.11711711711711714,0.968623796210003,0.05405405405405406
eata,S6,2029,3,ITW,3178,0.9409274827447615,0.12025628388368655,0.35485460818137016,0.014795474325500435,0.8151749587465646,23,0,0.9407208230940711,0.11949025930857281,0.9134507553268685,0.14457831325301204,0.9402994920509269,0.13496932515337423
rotta,S6,2029,0,DF21,4096,0.9712972640991211,0.0703125,0.35693359375,0.00048828125,0.8212890625,31,0,0.9818880698922252,0.05761282987885851,0.9628702290076336,0.08849557522123896,,
rotta,S6,2029,1,WaveFake,4096,0.9141430854797363,0.1572265625,0.89990234375,0.00439453125,0.5478515625,31,0,0.9264704779749511,0.14471459363086653,0.9014351145038167,0.19327731092436973,0.9014351145038167,0.17557251908396945
rotta,S6,2029,2,LA21,4096,0.9633274078369141,0.0712890625,0.46435546875,0.00048828125,0.767578125,31,0,0.9628998128041273,0.07210391812161214,0.93889160753609,0.09701492537313433,0.9745883814849332,0.05405405405405406
rotta,S6,2029,3,ITW,3178,0.9551001342157515,0.10990635781172992,0.948743223262691,0.0,0.5256283883686546,23,0,0.9547034687426591,0.1106056573846005,0.9304036458333333,0.14634146341463417,0.958242628141698,0.11827956989247312
lame,S6,2029,0,DF21,4096,0.9869594573974609,0.044921875,0.1328125,0.00537109375,0.930908203125,31,0,0.9870134051835493,0.04389133835123275,0.968793893129771,0.072,,
lame,S6,2029,1,WaveFake,4096,0.847099781036377,0.2294921875,0.0166015625,0.44287109375,0.770263671875,31,0,0.8483848160037047,0.2268723824397639,0.7634791142734466,0.2941176470588235,0.8351145038167939,0.23199999999999998
lame,S6,2029,2,LA21,4096,0.9722297191619873,0.06689453125,0.13671875,0.017578125,0.9228515625,31,0,0.9720132164447617,0.06684255131717026,0.9530610999206495,0.1044776119402985,0.9831003417210313,0.04504504504504504
lame,S6,2029,3,ITW,3178,0.9508995114786852,0.10251355347461803,0.28486939379004433,0.02610966057441253,0.8445104728177715,23,0,0.9512038861598853,0.1028958415754266,0.9170871881132604,0.15517241379310345,0.9490731578600171,0.10752688172043012
frozen,S1,2030,0,ITW,3178,0.9633087850193088,0.09857072449482504,0.5130606209955643,0.004351610095735422,0.7412938844543502,23,0,0.964248838299307,0.0955120492143309,0.9300424975482183,0.14864864864864866,,
bn_only,S1,2030,0,ITW,3178,0.9362464456846569,0.1256776737309019,0.3533760473139478,0.014795474325500435,0.8159142391802758,23,0,0.9386154654609308,0.12598282442069156,0.8959790781301079,0.17391304347826086,,
tent,S1,2030,0,ITW,3178,0.9344215146691511,0.12814194184327254,0.358304583538689,0.01392515230635335,0.8138851320774788,23,0,0.9365018301747748,0.1286138355584892,0.891533180778032,0.17391304347826086,,
eata,S1,2030,0,ITW,3178,0.9355532764471302,0.12617052735337606,0.3518974864465254,0.014795474325500435,0.816653519613987,23,0,0.9379351181996076,0.12682051721994966,0.8957829355998692,0.17391304347826086,,
rotta,S1,2030,0,ITW,3178,0.9355597105675281,0.1389847215377033,0.7880729423361261,0.0026109660574412533,0.6046580458032162,23,0,0.9545151641648554,0.11019330710310998,0.9192546583850931,0.1473684210526316,,
lame,S1,2030,0,ITW,3178,0.9498683364495923,0.10448496796451454,0.28240512567767373,0.024369016536118365,0.8466129288931039,23,0,0.9503913181239527,0.10446634731219998,0.9063746322327558,0.14814814814814814,,
frozen,S2,2030,0,WaveFake,4096,0.9150009155273438,0.15771484375,0.06005859375,0.263671875,0.838134765625,31,0,0.9153462613715804,0.1589634640578218,0.8767711464147703,0.2184873949579832,,
bn_only,S2,2030,0,WaveFake,4096,0.905327320098877,0.16796875,0.12939453125,0.19580078125,0.83740234375,31,0,0.9067105697763147,0.16325666343585019,0.8746243022756548,0.1964285714285714,,
tent,S2,2030,0,WaveFake,4096,0.8863818645477295,0.18896484375,0.68798828125,0.0478515625,0.632080078125,31,0,0.906132490045907,0.16566383185843647,0.8753603631233515,0.20149253731343286,,
eata,S2,2030,0,WaveFake,4096,0.9053261280059814,0.16845703125,0.126953125,0.19677734375,0.838134765625,31,0,0.9067026999739731,0.16325666343585019,0.8746243022756548,0.1964285714285714,,
rotta,S2,2030,0,WaveFake,4096,0.882673978805542,0.17919921875,0.828125,0.04248046875,0.564697265625,31,0,0.9201459727174259,0.15483790754095889,0.8324482695477019,0.26356589147286824,,
lame,S2,2030,0,WaveFake,4096,0.8430205583572388,0.2314453125,0.01513671875,0.4345703125,0.775146484375,31,0,0.842709767872382,0.22968059931494772,0.80084228515625,0.2826086956521739,,
frozen,S3,2030,0,LA21,4096,0.9747445583343506,0.0654296875,0.2646484375,0.00439453125,0.865478515625,31,0,0.9747126067160592,0.06262241543741981,0.9542818775560031,0.10077519379844957,,
bn_only,S3,2030,0,LA21,4096,0.9586681127548218,0.080078125,0.1953125,0.01513671875,0.894775390625,31,0,0.9594742845346061,0.08067568054367717,0.9251927227875424,0.13953488372093026,,
tent,S3,2030,0,LA21,4096,0.9594488143920898,0.08056640625,0.1865234375,0.01611328125,0.898681640625,31,0,0.9602314181570887,0.07940802978032384,0.9274128893000309,0.12598425196850394,,
eata,S3,2030,0,LA21,4096,0.958564043045044,0.08056640625,0.1953125,0.01513671875,0.894775390625,31,0,0.9593105251087027,0.08067000231455636,0.9255010792476103,0.13953488372093026,,
rotta,S3,2030,0,LA21,4096,0.9538545608520508,0.08740234375,0.4248046875,0.0029296875,0.7861328125,31,0,0.9596482534159032,0.07818417077798318,0.9237742830712303,0.1276595744680851,,
lame,S3,2030,0,LA21,4096,0.9741125106811523,0.06591796875,0.13525390625,0.01806640625,0.92333984375,31,0,0.9741521577091801,0.06412398270682683,0.9522664199814986,0.11023622047244094,,
frozen,S4,2030,0,DF21,4096,0.9914896488189697,0.03759765625,0.2080078125,0.001953125,0.89501953125,31,0,0.9914095019483966,0.03776271188362634,0.9838778625954199,0.07199999999999995,,
bn_only,S4,2030,0,DF21,4096,0.9694850444793701,0.068359375,0.15673828125,0.005859375,0.918701171875,31,0,0.969527792643725,0.06661286623942995,0.9504744413835323,0.10852713178294573,,
tent,S4,2030,0,DF21,4096,0.9712133407592773,0.0654296875,0.14794921875,0.0068359375,0.922607421875,31,0,0.9717663844869785,0.06325548428181388,0.9543345543345544,0.08955223880597014,,
eata,S4,2030,0,DF21,4096,0.9691095352172852,0.068359375,0.15625,0.005859375,0.9189453125,31,0,0.9691096749062976,0.06706829704272745,0.9496786042240588,0.10852713178294573,,
rotta,S4,2030,0,DF21,4096,0.9744503498077393,0.07177734375,0.38916015625,0.0009765625,0.804931640625,31,0,0.9841121122734132,0.05404903108870828,0.9726495726495726,0.07633587786259542,,
lame,S4,2030,0,DF21,4096,0.9862864017486572,0.04345703125,0.1328125,0.00537109375,0.930908203125,31,0,0.9863239675097846,0.04425555963897206,0.9773672620504037,0.07199999999999995,,
frozen,S5,2030,0,ITW,3178,0.9633087850193088,0.09857072449482504,0.5130606209955643,0.004351610095735422,0.7412938844543502,23,0,0.964119713894136,0.09885725485998574,0.9475566911529862,0.14193548387096774,,
frozen,S5,2030,1,LA21,4096,0.9747445583343506,0.0654296875,0.2646484375,0.00439453125,0.865478515625,31,0,0.9750101892979679,0.06490067658861699,0.9584975369458129,0.08571428571428572,0.9791860826343585,0.07207207207207207
frozen,S5,2030,2,WaveFake,4096,0.9150009155273438,0.15771484375,0.06005859375,0.263671875,0.838134765625,31,0,0.9147709218978608,0.15920113622744608,0.8767098080107956,0.20437956204379562,0.9361467214623076,0.1428571428571429
frozen,S5,2030,3,DF21,4096,0.9914896488189697,0.03759765625,0.2080078125,0.001953125,0.89501953125,31,0,0.9914049790660763,0.038505185432235266,0.9849706744868035,0.0661764705882353,0.9982282502443792,0.016129032258064516
bn_only,S5,2030,0,ITW,3178,0.9384464859193564,0.11976343026121242,0.34499753573188763,0.018276762402088774,0.8183628509330119,23,0,0.9395529963973589,0.12104846057503042,0.9110889110889111,0.16279069767441862,,
bn_only,S5,2030,1,LA21,4096,0.953493595123291,0.0830078125,0.1943359375,0.01513671875,0.895263671875,31,0,0.9538923306865198,0.08473475507769505,0.9163200391485197,0.11940298507462688,0.9545821683752719,0.07586206896551728
bn_only,S5,2030,2,WaveFake,4096,0.9019632339477539,0.171875,0.134765625,0.19921875,0.8330078125,31,0,0.9023907725911542,0.17167813831280127,0.8504901960784313,0.23333333333333334,0.9185425995215605,0.16806722689075626
bn_only,S5,2030,3,DF21,4096,0.9687857627868652,0.06982421875,0.15966796875,0.00634765625,0.9169921875,31,0,0.968935460292809,0.06908454786509662,0.92913818359375,0.125,0.9703079178885631,0.06451612903225806
tent,S5,2030,0,ITW,3178,0.937256602587117,0.12419911286347955,0.350418925579103,0.017406440382941687,0.8160873170189776,23,0,0.9387256384772199,0.12408743823930489,0.9106893106893107,0.16279069767441862,,
tent,S5,2030,1,LA21,4096,0.9541780948638916,0.08349609375,0.1708984375,0.017578125,0.90576171875,31,0,0.9546415740083651,0.08520093507498944,0.9144849522877416,0.12686567164179108,0.954085119602361,0.07207207207207207
tent,S5,2030,2,WaveFake,4096,0.8965139389038086,0.18603515625,0.056640625,0.30810546875,0.817626953125,31,0,0.9018309315784457,0.1698889078897748,0.8481004901960785,0.23529411764705888,0.9180518922897626,0.16806722689075626
tent,S5,2030,3,DF21,4096,0.9751768112182617,0.05712890625,0.10595703125,0.01513671875,0.939453125,31,0,0.9755877067454317,0.05794940145260177,0.9429931640625,0.10483870967741936,0.9816715542521994,0.06060606060606055
eata,S5,2030,0,ITW,3178,0.9378871463861047,0.12025628388368655,0.34499753573188763,0.018276762402088774,0.8183628509330119,23,0,0.9389740931554753,0.1214784739837323,0.9105561105561105,0.16666666666666663,,
eata,S5,2030,1,LA21,4096,0.9531455039978027,0.083984375,0.1943359375,0.01513671875,0.895263671875,31,0,0.9535489678254973,0.08470585798232512,0.9153413261561048,0.11940298507462688,0.9543336439888164,0.07586206896551728
eata,S5,2030,2,WaveFake,4096,0.9020822048187256,0.17138671875,0.1376953125,0.19677734375,0.832763671875,31,0,0.9027498059861936,0.17027469373034687,0.850735294117647,0.23333333333333334,0.9182359075016868,0.16806722689075626
eata,S5,2030,3,DF21,4096,0.9681439399719238,0.07080078125,0.15966796875,0.00634765625,0.9169921875,31,0,0.96816606019749,0.06976033346804046,0.92724609375,0.125,0.9699413489736071,0.06451612903225806
rotta,S5,2030,0,ITW,3178,0.9295455237609922,0.13799901429275505,0.8072942336126171,0.004351610095735422,0.5941770781458238,23,0,0.9529427519348128,0.11707379696811752,0.9342469545957918,0.16831683168316836,,
rotta,S5,2030,1,LA21,4096,0.953521728515625,0.0888671875,0.55419921875,0.0,0.722900390625,31,0,0.9569253640629287,0.07896375493364609,0.9368742368742369,0.11475409836065574,0.9596147872009941,0.09009009009009009
rotta,S5,2030,2,WaveFake,4096,0.9171183109283447,0.150390625,0.8759765625,0.00830078125,0.557861328125,31,0,0.9258437545535373,0.1465382923914592,0.8868742368742368,0.1897810218978102,0.9194626755811813,0.16058394160583941
rotta,S5,2030,3,DF21,4096,0.9833776950836182,0.0498046875,0.412109375,0.00048828125,0.793701171875,31,0,0.9843236419666903,0.048621535442291225,0.9700030609121518,0.07352941176470588,0.9937683284457478,0.045454545454545414
lame,S5,2030,0,ITW,3178,0.9521567386044222,0.10300640709709216,0.28339083292262196,0.02610966057441253,0.8452497532514827,23,0,0.952596543021252,0.10222468070614463,0.9277547109549664,0.15483870967741936,,
lame,S5,2030,1,LA21,4096,0.9734375476837158,0.06640625,0.13525390625,0.017578125,0.923583984375,31,0,0.9734544298296673,0.06838573414745765,0.9585591133004926,0.09836065573770492,0.9778191985088537,0.07207207207207207
lame,S5,2030,2,WaveFake,4096,0.8404916524887085,0.2373046875,0.0146484375,0.447265625,0.76904296875,31,0,0.8396698610598636,0.23853876890509934,0.7849877450980393,0.2833333333333333,0.8627859903085322,0.2184873949579832
lame,S5,2030,3,DF21,4096,0.9875912666320801,0.04248046875,0.14013671875,0.00634765625,0.9267578125,31,0,0.9873474765270146,0.04214791720449666,0.978063725490196,0.07352941176470588,0.9952956989247311,0.022727272727272707
frozen,S6,2030,0,DF21,4096,0.9914896488189697,0.03759765625,0.2080078125,0.001953125,0.89501953125,31,0,0.9915531600761451,0.03686326171597508,0.9779556650246305,0.07142857142857142,,
frozen,S6,2030,1,WaveFake,4096,0.9150009155273438,0.15771484375,0.06005859375,0.263671875,0.838134765625,31,0,0.914224185203572,0.1571963449921362,0.8809028627355028,0.203125,0.9384775808133472,0.10218978102189781
frozen,S6,2030,2,LA21,4096,0.9747445583343506,0.0654296875,0.2646484375,0.00439453125,0.865478515625,31,0,0.9748884681242553,0.06430059895141607,0.9534798534798535,0.08799999999999997,0.9946847507331378,0.032258064516129004
frozen,S6,2030,3,ITW,3178,0.9633087850193088,0.09857072449482504,0.5130606209955643,0.004351610095735422,0.7412938844543502,23,0,0.9622539530771408,0.0973620488722615,0.9430340557275542,0.13095238095238093,0.9692239355289041,0.08737864077669899
bn_only,S6,2030,0,DF21,4096,0.9706618785858154,0.06591796875,0.15283203125,0.00390625,0.921630859375,31,0,0.9710669517767314,0.06357138705438037,0.9517372155615366,0.1044776119402985,,
bn_only,S6,2030,1,WaveFake,4096,0.8985085487365723,0.17822265625,0.138671875,0.19775390625,0.831787109375,31,0,0.8987231263878706,0.17700465550492508,0.8603515625,0.2222222222222222,0.9410537937802859,0.1386861313868613
bn_only,S6,2030,2,LA21,4096,0.954167366027832,0.080078125,0.20068359375,0.01416015625,0.892578125,31,0,0.9555517445706765,0.07991718071092929,0.9141875728393547,0.12605042016806722,0.981977028347996,0.05303030303030303
bn_only,S6,2030,3,ITW,3178,0.9348000554192237,0.13011335633316906,0.3509117792015771,0.014795474325500435,0.8171463732364612,23,0,0.9335409683229902,0.13270082457159646,0.9061488673139159,0.17647058823529413,0.9567865981343994,0.09803921568627451
tent,S6,2030,0,DF21,4096,0.9722211360931396,0.06640625,0.13916015625,0.00537109375,0.927734375,31,0,0.9731605014608267,0.061501515476658594,0.9601174455590898,0.09285714285714286,,
tent,S6,2030,1,WaveFake,4096,0.8941433429718018,0.181640625,0.0400390625,0.3359375,0.81201171875,31,0,0.8982663342859624,0.17629742326748427,0.85516357421875,0.24603174603174605,0.9378641967736,0.134453781512605
tent,S6,2030,2,LA21,4096,0.9609518051147461,0.07373046875,0.1015625,0.0390625,0.9296875,31,0,0.9631190036945815,0.07298616962157858,0.9212414892964486,0.12605042016806722,0.9868646138807429,0.040322580645161255
tent,S6,2030,3,ITW,3178,0.9424673822266432,0.1201044386422977,0.2528339083292262,0.038294168842471714,0.854435961414151,23,0,0.9415660338220011,0.12292496757562742,0.909575480677708,0.16666666666666663,0.9599593882860588,0.09803921568627451
eata,S6,2030,0,DF21,4096,0.9703905582427979,0.06591796875,0.15185546875,0.00390625,0.922119140625,31,0,0.9708498851461372,0.06378440103874515,0.9498409591387326,0.1044776119402985,,
eata,S6,2030,1,WaveFake,4096,0.8984322547912598,0.17822265625,0.13818359375,0.1962890625,0.832763671875,31,0,0.8986891756437624,0.17681295623873933,0.86004638671875,0.23015873015873012,0.9409924553763112,0.1428571428571429
eata,S6,2030,2,LA21,4096,0.9538962841033936,0.080078125,0.20068359375,0.0146484375,0.892333984375,31,0,0.9554318053004659,0.07960988569593905,0.9140035576274306,0.12605042016806722,0.9815493646138808,0.05303030303030303
eata,S6,2030,3,ITW,3178,0.9338636764306588,0.13208477082306555,0.350418925579103,0.014795474325500435,0.8173928000476982,23,0,0.9327127570870453,0.13415233338063332,0.9038010026016879,0.1747572815533981,0.9565962307252999,0.10457516339869281
rotta,S6,2030,0,DF21,4096,0.9668393135070801,0.07763671875,0.41259765625,0.00146484375,0.79296875,31,0,0.9815738893667362,0.05834994590587784,0.9650735294117647,0.09649122807017543,,
rotta,S6,2030,1,WaveFake,4096,0.9081902503967285,0.16650390625,0.7890625,0.013671875,0.5986328125,31,0,0.926693684168149,0.14275621570135386,0.9008942337341967,0.1875,0.9582898852971846,0.10084033613445376
rotta,S6,2030,2,LA21,4096,0.9604871273040771,0.07763671875,0.6416015625,0.0,0.67919921875,31,0,0.9640586789340829,0.07443167964287807,0.9395419847328245,0.10084033613445378,0.9886974584555229,0.045454545454545456
rotta,S6,2030,3,ITW,3178,0.9548539218751944,0.10497782158698866,0.988171513060621,0.0,0.5059142434696895,23,0,0.9553894023114372,0.10262193834330284,0.9305125558995528,0.1286549707602339,0.9680182752712736,0.0784313725490196
lame,S6,2030,0,DF21,4096,0.9883682727813721,0.04052734375,0.1318359375,0.00634765625,0.930908203125,31,0,0.988311358272973,0.040663500022752354,0.9754310344827586,0.07142857142857142,,
lame,S6,2030,1,WaveFake,4096,0.8440899848937988,0.234375,0.01220703125,0.44140625,0.773193359375,31,0,0.8431543860330477,0.23439281703675127,0.7979569366283338,0.2682926829268293,0.8987916334416979,0.18487394957983194
lame,S6,2030,2,LA21,4096,0.972954511642456,0.06689453125,0.13330078125,0.01806640625,0.92431640625,31,0,0.973038086672583,0.0667100143833946,0.9536630036630037,0.09243697478991597,0.9952956989247311,0.03787878787878788
lame,S6,2030,3,ITW,3178,0.9494758551053244,0.10448496796451454,0.28684080827994085,0.02610966057441253,0.8435247655728233,23,0,0.9488671409398216,0.10079361296993636,0.9254901960784314,0.1456310679611651,0.9532330731645409,0.0784313725490196
