method,stream,order,status,result_dir,exit_code,reason
frozen,S1,2026,COMPLETE,/media/dell/data/fakeAudioDection/TTA/.worktrees/online-add-baselines-v2/experiments/online_add_v2/results/online_add_v2_20260928a/runs/frozen_S1_order2026/attempt01,0,
bn_only,S1,2026,COMPLETE,/media/dell/data/fakeAudioDection/TTA/.worktrees/online-add-baselines-v2/experiments/online_add_v2/results/online_add_v2_20260928a/runs/bn_only_S1_order2026/attempt01,0,
tent,S1,2026,COMPLETE,/media/dell/data/fakeAudioDection/TTA/.worktrees/online-add-baselines-v2/experiments/online_add_v2/results/online_add_v2_20260928a/runs/tent_S1_order2026/attempt01,0,
eata,S1,2026,COMPLETE,/media/dell/data/fakeAudioDection/TTA/.worktrees/online-add-baselines-v2/experiments/online_add_v2/results/online_add_v2_20260928a/runs/eata_S1_order2026/attempt01,0,
rotta,S1,2026,COMPLETE,/media/dell/data/fakeAudioDection/TTA/.worktrees/online-add-baselines-v2/experiments/online_add_v2/results/online_add_v2_20260928a/runs/rotta_S1_order2026/attempt01,0,
lame,S1,2026,COMPLETE,/media/dell/data/fakeAudioDection/TTA/.worktrees/online-add-baselines-v2/experiments/online_add_v2/results/online_add_v2_20260928a/runs/lame_S1_order2026/attempt01,0,
frozen,S2,2026,COMPLETE,/media/dell/data/fakeAudioDection/TTA/.worktrees/online-add-baselines-v2/experiments/online_add_v2/results/online_add_v2_20260928a/runs/frozen_S2_order2026/attempt01,0,
bn_only,S2,2026,COMPLETE,/media/dell/data/fakeAudioDection/TTA/.worktrees/online-add-baselines-v2/experiments/online_add_v2/results/online_add_v2_20260928a/runs/bn_only_S2_order2026/attempt01,0,
tent,S2,2026,COMPLETE,/media/dell/data/fakeAudioDection/TTA/.worktrees/online-add-baselines-v2/experiments/online_add_v2/results/online_add_v2_20260928a/runs/tent_S2_order2026/attempt01,0,
eata,S2,2026,COMPLETE,/media/dell/data/fakeAudioDection/TTA/.worktrees/online-add-baselines-v2/experiments/online_add_v2/results/online_add_v2_20260928a/runs/eata_S2_order2026/attempt01,0,
rotta,S2,2026,COMPLETE,/media/dell/data/fakeAudioDection/TTA/.worktrees/online-add-baselines-v2/experiments/online_add_v2/results/online_add_v2_20260928a/runs/rotta_S2_order2026/attempt01,0,
lame,S2,2026,COMPLETE,/media/dell/data/fakeAudioDection/TTA/.worktrees/online-add-baselines-v2/experiments/online_add_v2/results/online_add_v2_20260928a/runs/lame_S2_order2026/attempt01,0,
frozen,S3,2026,COMPLETE,/media/dell/data/fakeAudioDection/TTA/.worktrees/online-add-baselines-v2/experiments/online_add_v2/results/online_add_v2_20260928a/runs/frozen_S3_order2026/attempt01,0,
bn_only,S3,2026,COMPLETE,/media/dell/data/fakeAudioDection/TTA/.worktrees/online-add-baselines-v2/experiments/online_add_v2/results/online_add_v2_20260928a/runs/bn_only_S3_order2026/attempt01,0,
tent,S3,2026,COMPLETE,/media/dell/data/fakeAudioDection/TTA/.worktrees/online-add-baselines-v2/experiments/online_add_v2/results/online_add_v2_20260928a/runs/tent_S3_order2026/attempt01,0,
eata,S3,2026,COMPLETE,/media/dell/data/fakeAudioDection/TTA/.worktrees/online-add-baselines-v2/experiments/online_add_v2/results/online_add_v2_20260928a/runs/eata_S3_order2026/attempt01,0,
rotta,S3,2026,COMPLETE,/media/dell/data/fakeAudioDection/TTA/.worktrees/online-add-baselines-v2/experiments/online_add_v2/results/online_add_v2_20260928a/runs/rotta_S3_order2026/attempt01,0,
lame,S3,2026,COMPLETE,/media/dell/data/fakeAudioDection/TTA/.worktrees/online-add-baselines-v2/experiments/online_add_v2/results/online_add_v2_20260928a/runs/lame_S3_order2026/attempt01,0,
frozen,S4,2026,COMPLETE,/media/dell/data/fakeAudioDection/TTA/.worktrees/online-add-baselines-v2/experiments/online_add_v2/results/online_add_v2_20260928a/runs/frozen_S4_order2026/attempt01,0,
bn_only,S4,2026,COMPLETE,/media/dell/data/fakeAudioDection/TTA/.worktrees/online-add-baselines-v2/experiments/online_add_v2/results/online_add_v2_20260928a/runs/bn_only_S4_order2026/attempt01,0,
tent,S4,2026,COMPLETE,/media/dell/data/fakeAudioDection/TTA/.worktrees/online-add-baselines-v2/experiments/online_add_v2/results/online_add_v2_20260928a/runs/tent_S4_order2026/attempt01,0,
eata,S4,2026,COMPLETE,/media/dell/data/fakeAudioDection/TTA/.worktrees/online-add-baselines-v2/experiments/online_add_v2/results/online_add_v2_20260928a/runs/eata_S4_order2026/attempt01,0,
rotta,S4,2026,COMPLETE,/media/dell/data/fakeAudioDection/TTA/.worktrees/online-add-baselines-v2/experiments/online_add_v2/results/online_add_v2_20260928a/runs/rotta_S4_order2026/attempt01,0,
lame,S4,2026,COMPLETE,/media/dell/data/fakeAudioDection/TTA/.worktrees/online-add-baselines-v2/experiments/online_add_v2/results/online_add_v2_20260928a/runs/lame_S4_order2026/attempt01,0,
frozen,S5,2026,COMPLETE,/media/dell/data/fakeAudioDection/TTA/.worktrees/online-add-baselines-v2/experiments/online_add_v2/results/online_add_v2_20260928a/runs/frozen_S5_order2026/attempt01,0,
bn_only,S5,2026,COMPLETE,/media/dell/data/fakeAudioDection/TTA/.worktrees/online-add-baselines-v2/experiments/online_add_v2/results/online_add_v2_20260928a/runs/bn_only_S5_order2026/attempt01,0,
tent,S5,2026,COMPLETE,/media/dell/data/fakeAudioDection/TTA/.worktrees/online-add-baselines-v2/experiments/online_add_v2/results/online_add_v2_20260928a/runs/tent_S5_order2026/attempt01,0,
eata,S5,2026,COMPLETE,/media/dell/data/fakeAudioDection/TTA/.worktrees/online-add-baselines-v2/experiments/online_add_v2/results/online_add_v2_20260928a/runs/eata_S5_order2026/attempt01,0,
rotta,S5,2026,COMPLETE,/media/dell/data/fakeAudioDection/TTA/.worktrees/online-add-baselines-v2/experiments/online_add_v2/results/online_add_v2_20260928a/runs/rotta_S5_order2026/attempt01,0,
lame,S5,2026,COMPLETE,/media/dell/data/fakeAudioDection/TTA/.worktrees/online-add-baselines-v2/experiments/online_add_v2/results/online_add_v2_20260928a/runs/lame_S5_order2026/attempt01,0,
frozen,S6,2026,COMPLETE,/media/dell/data/fakeAudioDection/TTA/.worktrees/online-add-baselines-v2/experiments/online_add_v2/results/online_add_v2_20260928a/runs/frozen_S6_order2026/attempt01,0,
bn_only,S6,2026,COMPLETE,/media/dell/data/fakeAudioDection/TTA/.worktrees/online-add-baselines-v2/experiments/online_add_v2/results/online_add_v2_20260928a/runs/bn_only_S6_order2026/attempt01,0,
tent,S6,2026,COMPLETE,/media/dell/data/fakeAudioDection/TTA/.worktrees/online-add-baselines-v2/experiments/online_add_v2/results/online_add_v2_20260928a/runs/tent_S6_order2026/attempt01,0,
eata,S6,2026,COMPLETE,/media/dell/data/fakeAudioDection/TTA/.worktrees/online-add-baselines-v2/experiments/online_add_v2/results/online_add_v2_20260928a/runs/eata_S6_order2026/attempt01,0,
rotta,S6,2026,COMPLETE,/media/dell/data/fakeAudioDection/TTA/.worktrees/online-add-baselines-v2/experiments/online_add_v2/results/online_add_v2_20260928a/runs/rotta_S6_order2026/attempt01,0,
lame,S6,2026,COMPLETE,/media/dell/data/fakeAudioDection/TTA/.worktrees/online-add-baselines-v2/experiments/online_add_v2/results/online_add_v2_20260928a/runs/lame_S6_order2026/attempt01,0,
frozen,S1,2027,COMPLETE,/media/dell/data/fakeAudioDection/TTA/.worktrees/online-add-baselines-v2/experiments/online_add_v2/results/online_add_v2_20260928a/runs/frozen_S1_order2027/attempt01,0,
bn_only,S1,2027,COMPLETE,/media/dell/data/fakeAudioDection/TTA/.worktrees/online-add-baselines-v2/experiments/online_add_v2/results/online_add_v2_20260928a/runs/bn_only_S1_order2027/attempt01,0,
tent,S1,2027,COMPLETE,/media/dell/data/fakeAudioDection/TTA/.worktrees/online-add-baselines-v2/experiments/online_add_v2/results/online_add_v2_20260928a/runs/tent_S1_order2027/attempt01,0,
eata,S1,2027,COMPLETE,/media/dell/data/fakeAudioDection/TTA/.worktrees/online-add-baselines-v2/experiments/online_add_v2/results/online_add_v2_20260928a/runs/eata_S1_order2027/attempt01,0,
rotta,S1,2027,COMPLETE,/media/dell/data/fakeAudioDection/TTA/.worktrees/online-add-baselines-v2/experiments/online_add_v2/results/online_add_v2_20260928a/runs/rotta_S1_order2027/attempt01,0,
lame,S1,2027,COMPLETE,/media/dell/data/fakeAudioDection/TTA/.worktrees/online-add-baselines-v2/experiments/online_add_v2/results/online_add_v2_20260928a/runs/lame_S1_order2027/attempt01,0,
frozen,S2,2027,COMPLETE,/media/dell/data/fakeAudioDection/TTA/.worktrees/online-add-baselines-v2/experiments/online_add_v2/results/online_add_v2_20260928a/runs/frozen_S2_order2027/attempt01,0,
bn_only,S2,2027,COMPLETE,/media/dell/data/fakeAudioDection/TTA/.worktrees/online-add-baselines-v2/experiments/online_add_v2/results/online_add_v2_20260928a/runs/bn_only_S2_order2027/attempt01,0,
tent,S2,2027,COMPLETE,/media/dell/data/fakeAudioDection/TTA/.worktrees/online-add-baselines-v2/experiments/online_add_v2/results/online_add_v2_20260928a/runs/tent_S2_order2027/attempt01,0,
eata,S2,2027,COMPLETE,/media/dell/data/fakeAudioDection/TTA/.worktrees/online-add-baselines-v2/experiments/online_add_v2/results/online_add_v2_20260928a/runs/eata_S2_order2027/attempt01,0,
rotta,S2,2027,COMPLETE,/media/dell/data/fakeAudioDection/TTA/.worktrees/online-add-baselines-v2/experiments/online_add_v2/results/online_add_v2_20260928a/runs/rotta_S2_order2027/attempt01,0,
lame,S2,2027,COMPLETE,/media/dell/data/fakeAudioDection/TTA/.worktrees/online-add-baselines-v2/experiments/online_add_v2/results/online_add_v2_20260928a/runs/lame_S2_order2027/attempt01,0,
frozen,S3,2027,COMPLETE,/media/dell/data/fakeAudioDection/TTA/.worktrees/online-add-baselines-v2/experiments/online_add_v2/results/online_add_v2_20260928a/runs/frozen_S3_order2027/attempt01,0,
bn_only,S3,2027,COMPLETE,/media/dell/data/fakeAudioDection/TTA/.worktrees/online-add-baselines-v2/experiments/online_add_v2/results/online_add_v2_20260928a/runs/bn_only_S3_order2027/attempt01,0,
tent,S3,2027,COMPLETE,/media/dell/data/fakeAudioDection/TTA/.worktrees/online-add-baselines-v2/experiments/online_add_v2/results/online_add_v2_20260928a/runs/tent_S3_order2027/attempt01,0,
eata,S3,2027,COMPLETE,/media/dell/data/fakeAudioDection/TTA/.worktrees/online-add-baselines-v2/experiments/online_add_v2/results/online_add_v2_20260928a/runs/eata_S3_order2027/attempt01,0,
rotta,S3,2027,COMPLETE,/media/dell/data/fakeAudioDection/TTA/.worktrees/online-add-baselines-v2/experiments/online_add_v2/results/online_add_v2_20260928a/runs/rotta_S3_order2027/attempt01,0,
lame,S3,2027,COMPLETE,/media/dell/data/fakeAudioDection/TTA/.worktrees/online-add-baselines-v2/experiments/online_add_v2/results/online_add_v2_20260928a/runs/lame_S3_order2027/attempt01,0,
frozen,S4,2027,COMPLETE,/media/dell/data/fakeAudioDection/TTA/.worktrees/online-add-baselines-v2/experiments/online_add_v2/results/online_add_v2_20260928a/runs/frozen_S4_order2027/attempt01,0,
bn_only,S4,2027,COMPLETE,/media/dell/data/fakeAudioDection/TTA/.worktrees/online-add-baselines-v2/experiments/online_add_v2/results/online_add_v2_20260928a/runs/bn_only_S4_order2027/attempt01,0,
tent,S4,2027,COMPLETE,/media/dell/data/fakeAudioDection/TTA/.worktrees/online-add-baselines-v2/experiments/online_add_v2/results/online_add_v2_20260928a/runs/tent_S4_order2027/attempt01,0,
eata,S4,2027,COMPLETE,/media/dell/data/fakeAudioDection/TTA/.worktrees/online-add-baselines-v2/experiments/online_add_v2/results/online_add_v2_20260928a/runs/eata_S4_order2027/attempt01,0,
rotta,S4,2027,COMPLETE,/media/dell/data/fakeAudioDection/TTA/.worktrees/online-add-baselines-v2/experiments/online_add_v2/results/online_add_v2_20260928a/runs/rotta_S4_order2027/attempt01,0,
lame,S4,2027,COMPLETE,/media/dell/data/fakeAudioDection/TTA/.worktrees/online-add-baselines-v2/experiments/online_add_v2/results/online_add_v2_20260928a/runs/lame_S4_order2027/attempt01,0,
frozen,S5,2027,COMPLETE,/media/dell/data/fakeAudioDection/TTA/.worktrees/online-add-baselines-v2/experiments/online_add_v2/results/online_add_v2_20260928a/runs/frozen_S5_order2027/attempt01,0,
bn_only,S5,2027,COMPLETE,/media/dell/data/fakeAudioDection/TTA/.worktrees/online-add-baselines-v2/experiments/online_add_v2/results/online_add_v2_20260928a/runs/bn_only_S5_order2027/attempt01,0,
tent,S5,2027,COMPLETE,/media/dell/data/fakeAudioDection/TTA/.worktrees/online-add-baselines-v2/experiments/online_add_v2/results/online_add_v2_20260928a/runs/tent_S5_order2027/attempt01,0,
eata,S5,2027,COMPLETE,/media/dell/data/fakeAudioDection/TTA/.worktrees/online-add-baselines-v2/experiments/online_add_v2/results/online_add_v2_20260928a/runs/eata_S5_order2027/attempt01,0,
rotta,S5,2027,COMPLETE,/media/dell/data/fakeAudioDection/TTA/.worktrees/online-add-baselines-v2/experiments/online_add_v2/results/online_add_v2_20260928a/runs/rotta_S5_order2027/attempt01,0,
lame,S5,2027,COMPLETE,/media/dell/data/fakeAudioDection/TTA/.worktrees/online-add-baselines-v2/experiments/online_add_v2/results/online_add_v2_20260928a/runs/lame_S5_order2027/attempt01,0,
frozen,S6,2027,COMPLETE,/media/dell/data/fakeAudioDection/TTA/.worktrees/online-add-baselines-v2/experiments/online_add_v2/results/online_add_v2_20260928a/runs/frozen_S6_order2027/attempt01,0,
bn_only,S6,2027,COMPLETE,/media/dell/data/fakeAudioDection/TTA/.worktrees/online-add-baselines-v2/experiments/online_add_v2/results/online_add_v2_20260928a/runs/bn_only_S6_order2027/attempt01,0,
tent,S6,2027,COMPLETE,/media/dell/data/fakeAudioDection/TTA/.worktrees/online-add-baselines-v2/experiments/online_add_v2/results/online_add_v2_20260928a/runs/tent_S6_order2027/attempt01,0,
eata,S6,2027,COMPLETE,/media/dell/data/fakeAudioDection/TTA/.worktrees/online-add-baselines-v2/experiments/online_add_v2/results/online_add_v2_20260928a/runs/eata_S6_order2027/attempt01,0,
rotta,S6,2027,COMPLETE,/media/dell/data/fakeAudioDection/TTA/.worktrees/online-add-baselines-v2/experiments/online_add_v2/results/online_add_v2_20260928a/runs/rotta_S6_order2027/attempt01,0,
lame,S6,2027,COMPLETE,/media/dell/data/fakeAudioDection/TTA/.worktrees/online-add-baselines-v2/experiments/online_add_v2/results/online_add_v2_20260928a/runs/lame_S6_order2027/attempt01,0,
frozen,S1,2028,COMPLETE,/media/dell/data/fakeAudioDection/TTA/.worktrees/online-add-baselines-v2/experiments/online_add_v2/results/online_add_v2_20260928a/runs/frozen_S1_order2028/attempt01,0,
bn_only,S1,2028,COMPLETE,/media/dell/data/fakeAudioDection/TTA/.worktrees/online-add-baselines-v2/experiments/online_add_v2/results/online_add_v2_20260928a/runs/bn_only_S1_order2028/attempt01,0,
tent,S1,2028,COMPLETE,/media/dell/data/fakeAudioDection/TTA/.worktrees/online-add-baselines-v2/experiments/online_add_v2/results/online_add_v2_20260928a/runs/tent_S1_order2028/attempt01,0,
eata,S1,2028,COMPLETE,/media/dell/data/fakeAudioDection/TTA/.worktrees/online-add-baselines-v2/experiments/online_add_v2/results/online_add_v2_20260928a/runs/eata_S1_order2028/attempt01,0,
rotta,S1,2028,COMPLETE,/media/dell/data/fakeAudioDection/TTA/.worktrees/online-add-baselines-v2/experiments/online_add_v2/results/online_add_v2_20260928a/runs/rotta_S1_order2028/attempt01,0,
lame,S1,2028,COMPLETE,/media/dell/data/fakeAudioDection/TTA/.worktrees/online-add-baselines-v2/experiments/online_add_v2/results/online_add_v2_20260928a/runs/lame_S1_order2028/attempt01,0,
frozen,S2,2028,COMPLETE,/media/dell/data/fakeAudioDection/TTA/.worktrees/online-add-baselines-v2/experiments/online_add_v2/results/online_add_v2_20260928a/runs/frozen_S2_order2028/attempt01,0,
bn_only,S2,2028,COMPLETE,/media/dell/data/fakeAudioDection/TTA/.worktrees/online-add-baselines-v2/experiments/online_add_v2/results/online_add_v2_20260928a/runs/bn_only_S2_order2028/attempt01,0,
tent,S2,2028,COMPLETE,/media/dell/data/fakeAudioDection/TTA/.worktrees/online-add-baselines-v2/experiments/online_add_v2/results/online_add_v2_20260928a/runs/tent_S2_order2028/attempt01,0,
eata,S2,2028,COMPLETE,/media/dell/data/fakeAudioDection/TTA/.worktrees/online-add-baselines-v2/experiments/online_add_v2/results/online_add_v2_20260928a/runs/eata_S2_order2028/attempt01,0,
rotta,S2,2028,COMPLETE,/media/dell/data/fakeAudioDection/TTA/.worktrees/online-add-baselines-v2/experiments/online_add_v2/results/online_add_v2_20260928a/runs/rotta_S2_order2028/attempt01,0,
lame,S2,2028,COMPLETE,/media/dell/data/fakeAudioDection/TTA/.worktrees/online-add-baselines-v2/experiments/online_add_v2/results/online_add_v2_20260928a/runs/lame_S2_order2028/attempt01,0,
frozen,S3,2028,COMPLETE,/media/dell/data/fakeAudioDection/TTA/.worktrees/online-add-baselines-v2/experiments/online_add_v2/results/online_add_v2_20260928a/runs/frozen_S3_order2028/attempt01,0,
bn_only,S3,2028,COMPLETE,/media/dell/data/fakeAudioDection/TTA/.worktrees/online-add-baselines-v2/experiments/online_add_v2/results/online_add_v2_20260928a/runs/bn_only_S3_order2028/attempt01,0,
tent,S3,2028,COMPLETE,/media/dell/data/fakeAudioDection/TTA/.worktrees/online-add-baselines-v2/experiments/online_add_v2/results/online_add_v2_20260928a/runs/tent_S3_order2028/attempt01,0,
eata,S3,2028,COMPLETE,/media/dell/data/fakeAudioDection/TTA/.worktrees/online-add-baselines-v2/experiments/online_add_v2/results/online_add_v2_20260928a/runs/eata_S3_order2028/attempt01,0,
rotta,S3,2028,COMPLETE,/media/dell/data/fakeAudioDection/TTA/.worktrees/online-add-baselines-v2/experiments/online_add_v2/results/online_add_v2_20260928a/runs/rotta_S3_order2028/attempt01,0,
lame,S3,2028,COMPLETE,/media/dell/data/fakeAudioDection/TTA/.worktrees/online-add-baselines-v2/experiments/online_add_v2/results/online_add_v2_20260928a/runs/lame_S3_order2028/attempt01,0,
frozen,S4,2028,COMPLETE,/media/dell/data/fakeAudioDection/TTA/.worktrees/online-add-baselines-v2/experiments/online_add_v2/results/online_add_v2_20260928a/runs/frozen_S4_order2028/attempt01,0,
bn_only,S4,2028,COMPLETE,/media/dell/data/fakeAudioDection/TTA/.worktrees/online-add-baselines-v2/experiments/online_add_v2/results/online_add_v2_20260928a/runs/bn_only_S4_order2028/attempt01,0,
tent,S4,2028,COMPLETE,/media/dell/data/fakeAudioDection/TTA/.worktrees/online-add-baselines-v2/experiments/online_add_v2/results/online_add_v2_20260928a/runs/tent_S4_order2028/attempt01,0,
eata,S4,2028,COMPLETE,/media/dell/data/fakeAudioDection/TTA/.worktrees/online-add-baselines-v2/experiments/online_add_v2/results/online_add_v2_20260928a/runs/eata_S4_order2028/attempt01,0,
rotta,S4,2028,COMPLETE,/media/dell/data/fakeAudioDection/TTA/.worktrees/online-add-baselines-v2/experiments/online_add_v2/results/online_add_v2_20260928a/runs/rotta_S4_order2028/attempt01,0,
lame,S4,2028,COMPLETE,/media/dell/data/fakeAudioDection/TTA/.worktrees/online-add-baselines-v2/experiments/online_add_v2/results/online_add_v2_20260928a/runs/lame_S4_order2028/attempt01,0,
frozen,S5,2028,COMPLETE,/media/dell/data/fakeAudioDection/TTA/.worktrees/online-add-baselines-v2/experiments/online_add_v2/results/online_add_v2_20260928a/runs/frozen_S5_order2028/attempt01,0,
bn_only,S5,2028,COMPLETE,/media/dell/data/fakeAudioDection/TTA/.worktrees/online-add-baselines-v2/experiments/online_add_v2/results/online_add_v2_20260928a/runs/bn_only_S5_order2028/attempt01,0,
tent,S5,2028,COMPLETE,/media/dell/data/fakeAudioDection/TTA/.worktrees/online-add-baselines-v2/experiments/online_add_v2/results/online_add_v2_20260928a/runs/tent_S5_order2028/attempt01,0,
eata,S5,2028,COMPLETE,/media/dell/data/fakeAudioDection/TTA/.worktrees/online-add-baselines-v2/experiments/online_add_v2/results/online_add_v2_20260928a/runs/eata_S5_order2028/attempt01,0,
rotta,S5,2028,COMPLETE,/media/dell/data/fakeAudioDection/TTA/.worktrees/online-add-baselines-v2/experiments/online_add_v2/results/online_add_v2_20260928a/runs/rotta_S5_order2028/attempt01,0,
lame,S5,2028,COMPLETE,/media/dell/data/fakeAudioDection/TTA/.worktrees/online-add-baselines-v2/experiments/online_add_v2/results/online_add_v2_20260928a/runs/lame_S5_order2028/attempt01,0,
frozen,S6,2028,COMPLETE,/media/dell/data/fakeAudioDection/TTA/.worktrees/online-add-baselines-v2/experiments/online_add_v2/results/online_add_v2_20260928a/runs/frozen_S6_order2028/attempt01,0,
bn_only,S6,2028,COMPLETE,/media/dell/data/fakeAudioDection/TTA/.worktrees/online-add-baselines-v2/experiments/online_add_v2/results/online_add_v2_20260928a/runs/bn_only_S6_order2028/attempt01,0,
tent,S6,2028,COMPLETE,/media/dell/data/fakeAudioDection/TTA/.worktrees/online-add-baselines-v2/experiments/online_add_v2/results/online_add_v2_20260928a/runs/tent_S6_order2028/attempt01,0,
eata,S6,2028,COMPLETE,/media/dell/data/fakeAudioDection/TTA/.worktrees/online-add-baselines-v2/experiments/online_add_v2/results/online_add_v2_20260928a/runs/eata_S6_order2028/attempt01,0,
rotta,S6,2028,COMPLETE,/media/dell/data/fakeAudioDection/TTA/.worktrees/online-add-baselines-v2/experiments/online_add_v2/results/online_add_v2_20260928a/runs/rotta_S6_order2028/attempt01,0,
lame,S6,2028,COMPLETE,/media/dell/data/fakeAudioDection/TTA/.worktrees/online-add-baselines-v2/experiments/online_add_v2/results/online_add_v2_20260928a/runs/lame_S6_order2028/attempt01,0,
frozen,S1,2029,COMPLETE,/media/dell/data/fakeAudioDection/TTA/.worktrees/online-add-baselines-v2/experiments/online_add_v2/results/online_add_v2_20260928a/runs/frozen_S1_order2029/attempt01,0,
bn_only,S1,2029,COMPLETE,/media/dell/data/fakeAudioDection/TTA/.worktrees/online-add-baselines-v2/experiments/online_add_v2/results/online_add_v2_20260928a/runs/bn_only_S1_order2029/attempt01,0,
tent,S1,2029,COMPLETE,/media/dell/data/fakeAudioDection/TTA/.worktrees/online-add-baselines-v2/experiments/online_add_v2/results/online_add_v2_20260928a/runs/tent_S1_order2029/attempt01,0,
eata,S1,2029,COMPLETE,/media/dell/data/fakeAudioDection/TTA/.worktrees/online-add-baselines-v2/experiments/online_add_v2/results/online_add_v2_20260928a/runs/eata_S1_order2029/attempt01,0,
rotta,S1,2029,COMPLETE,/media/dell/data/fakeAudioDection/TTA/.worktrees/online-add-baselines-v2/experiments/online_add_v2/results/online_add_v2_20260928a/runs/rotta_S1_order2029/attempt01,0,
lame,S1,2029,COMPLETE,/media/dell/data/fakeAudioDection/TTA/.worktrees/online-add-baselines-v2/experiments/online_add_v2/results/online_add_v2_20260928a/runs/lame_S1_order2029/attempt01,0,
frozen,S2,2029,COMPLETE,/media/dell/data/fakeAudioDection/TTA/.worktrees/online-add-baselines-v2/experiments/online_add_v2/results/online_add_v2_20260928a/runs/frozen_S2_order2029/attempt01,0,
bn_only,S2,2029,COMPLETE,/media/dell/data/fakeAudioDection/TTA/.worktrees/online-add-baselines-v2/experiments/online_add_v2/results/online_add_v2_20260928a/runs/bn_only_S2_order2029/attempt01,0,
tent,S2,2029,COMPLETE,/media/dell/data/fakeAudioDection/TTA/.worktrees/online-add-baselines-v2/experiments/online_add_v2/results/online_add_v2_20260928a/runs/tent_S2_order2029/attempt01,0,
eata,S2,2029,COMPLETE,/media/dell/data/fakeAudioDection/TTA/.worktrees/online-add-baselines-v2/experiments/online_add_v2/results/online_add_v2_20260928a/runs/eata_S2_order2029/attempt01,0,
rotta,S2,2029,COMPLETE,/media/dell/data/fakeAudioDection/TTA/.worktrees/online-add-baselines-v2/experiments/online_add_v2/results/online_add_v2_20260928a/runs/rotta_S2_order2029/attempt01,0,
lame,S2,2029,COMPLETE,/media/dell/data/fakeAudioDection/TTA/.worktrees/online-add-baselines-v2/experiments/online_add_v2/results/online_add_v2_20260928a/runs/lame_S2_order2029/attempt01,0,
frozen,S3,2029,COMPLETE,/media/dell/data/fakeAudioDection/TTA/.worktrees/online-add-baselines-v2/experiments/online_add_v2/results/online_add_v2_20260928a/runs/frozen_S3_order2029/attempt01,0,
bn_only,S3,2029,COMPLETE,/media/dell/data/fakeAudioDection/TTA/.worktrees/online-add-baselines-v2/experiments/online_add_v2/results/online_add_v2_20260928a/runs/bn_only_S3_order2029/attempt01,0,
tent,S3,2029,COMPLETE,/media/dell/data/fakeAudioDection/TTA/.worktrees/online-add-baselines-v2/experiments/online_add_v2/results/online_add_v2_20260928a/runs/tent_S3_order2029/attempt01,0,
eata,S3,2029,COMPLETE,/media/dell/data/fakeAudioDection/TTA/.worktrees/online-add-baselines-v2/experiments/online_add_v2/results/online_add_v2_20260928a/runs/eata_S3_order2029/attempt01,0,
rotta,S3,2029,COMPLETE,/media/dell/data/fakeAudioDection/TTA/.worktrees/online-add-baselines-v2/experiments/online_add_v2/results/online_add_v2_20260928a/runs/rotta_S3_order2029/attempt01,0,
lame,S3,2029,COMPLETE,/media/dell/data/fakeAudioDection/TTA/.worktrees/online-add-baselines-v2/experiments/online_add_v2/results/online_add_v2_20260928a/runs/lame_S3_order2029/attempt01,0,
frozen,S4,2029,COMPLETE,/media/dell/data/fakeAudioDection/TTA/.worktrees/online-add-baselines-v2/experiments/online_add_v2/results/online_add_v2_20260928a/runs/frozen_S4_order2029/attempt01,0,
bn_only,S4,2029,COMPLETE,/media/dell/data/fakeAudioDection/TTA/.worktrees/online-add-baselines-v2/experiments/online_add_v2/results/online_add_v2_20260928a/runs/bn_only_S4_order2029/attempt01,0,
tent,S4,2029,COMPLETE,/media/dell/data/fakeAudioDection/TTA/.worktrees/online-add-baselines-v2/experiments/online_add_v2/results/online_add_v2_20260928a/runs/tent_S4_order2029/attempt01,0,
eata,S4,2029,COMPLETE,/media/dell/data/fakeAudioDection/TTA/.worktrees/online-add-baselines-v2/experiments/online_add_v2/results/online_add_v2_20260928a/runs/eata_S4_order2029/attempt01,0,
rotta,S4,2029,COMPLETE,/media/dell/data/fakeAudioDection/TTA/.worktrees/online-add-baselines-v2/experiments/online_add_v2/results/online_add_v2_20260928a/runs/rotta_S4_order2029/attempt01,0,
lame,S4,2029,COMPLETE,/media/dell/data/fakeAudioDection/TTA/.worktrees/online-add-baselines-v2/experiments/online_add_v2/results/online_add_v2_20260928a/runs/lame_S4_order2029/attempt01,0,
frozen,S5,2029,COMPLETE,/media/dell/data/fakeAudioDection/TTA/.worktrees/online-add-baselines-v2/experiments/online_add_v2/results/online_add_v2_20260928a/runs/frozen_S5_order2029/attempt01,0,
bn_only,S5,2029,COMPLETE,/media/dell/data/fakeAudioDection/TTA/.worktrees/online-add-baselines-v2/experiments/online_add_v2/results/online_add_v2_20260928a/runs/bn_only_S5_order2029/attempt01,0,
tent,S5,2029,COMPLETE,/media/dell/data/fakeAudioDection/TTA/.worktrees/online-add-baselines-v2/experiments/online_add_v2/results/online_add_v2_20260928a/runs/tent_S5_order2029/attempt01,0,
eata,S5,2029,COMPLETE,/media/dell/data/fakeAudioDection/TTA/.worktrees/online-add-baselines-v2/experiments/online_add_v2/results/online_add_v2_20260928a/runs/eata_S5_order2029/attempt01,0,
rotta,S5,2029,COMPLETE,/media/dell/data/fakeAudioDection/TTA/.worktrees/online-add-baselines-v2/experiments/online_add_v2/results/online_add_v2_20260928a/runs/rotta_S5_order2029/attempt01,0,
lame,S5,2029,COMPLETE,/media/dell/data/fakeAudioDection/TTA/.worktrees/online-add-baselines-v2/experiments/online_add_v2/results/online_add_v2_20260928a/runs/lame_S5_order2029/attempt01,0,
frozen,S6,2029,COMPLETE,/media/dell/data/fakeAudioDection/TTA/.worktrees/online-add-baselines-v2/experiments/online_add_v2/results/online_add_v2_20260928a/runs/frozen_S6_order2029/attempt01,0,
bn_only,S6,2029,COMPLETE,/media/dell/data/fakeAudioDection/TTA/.worktrees/online-add-baselines-v2/experiments/online_add_v2/results/online_add_v2_20260928a/runs/bn_only_S6_order2029/attempt01,0,
tent,S6,2029,COMPLETE,/media/dell/data/fakeAudioDection/TTA/.worktrees/online-add-baselines-v2/experiments/online_add_v2/results/online_add_v2_20260928a/runs/tent_S6_order2029/attempt01,0,
eata,S6,2029,COMPLETE,/media/dell/data/fakeAudioDection/TTA/.worktrees/online-add-baselines-v2/experiments/online_add_v2/results/online_add_v2_20260928a/runs/eata_S6_order2029/attempt01,0,
rotta,S6,2029,COMPLETE,/media/dell/data/fakeAudioDection/TTA/.worktrees/online-add-baselines-v2/experiments/online_add_v2/results/online_add_v2_20260928a/runs/rotta_S6_order2029/attempt01,0,
lame,S6,2029,COMPLETE,/media/dell/data/fakeAudioDection/TTA/.worktrees/online-add-baselines-v2/experiments/online_add_v2/results/online_add_v2_20260928a/runs/lame_S6_order2029/attempt01,0,
frozen,S1,2030,COMPLETE,/media/dell/data/fakeAudioDection/TTA/.worktrees/online-add-baselines-v2/experiments/online_add_v2/results/online_add_v2_20260928a/runs/frozen_S1_order2030/attempt01,0,
bn_only,S1,2030,COMPLETE,/media/dell/data/fakeAudioDection/TTA/.worktrees/online-add-baselines-v2/experiments/online_add_v2/results/online_add_v2_20260928a/runs/bn_only_S1_order2030/attempt01,0,
tent,S1,2030,COMPLETE,/media/dell/data/fakeAudioDection/TTA/.worktrees/online-add-baselines-v2/experiments/online_add_v2/results/online_add_v2_20260928a/runs/tent_S1_order2030/attempt01,0,
eata,S1,2030,COMPLETE,/media/dell/data/fakeAudioDection/TTA/.worktrees/online-add-baselines-v2/experiments/online_add_v2/results/online_add_v2_20260928a/runs/eata_S1_order2030/attempt01,0,
rotta,S1,2030,COMPLETE,/media/dell/data/fakeAudioDection/TTA/.worktrees/online-add-baselines-v2/experiments/online_add_v2/results/online_add_v2_20260928a/runs/rotta_S1_order2030/attempt01,0,
lame,S1,2030,COMPLETE,/media/dell/data/fakeAudioDection/TTA/.worktrees/online-add-baselines-v2/experiments/online_add_v2/results/online_add_v2_20260928a/runs/lame_S1_order2030/attempt01,0,
frozen,S2,2030,COMPLETE,/media/dell/data/fakeAudioDection/TTA/.worktrees/online-add-baselines-v2/experiments/online_add_v2/results/online_add_v2_20260928a/runs/frozen_S2_order2030/attempt01,0,
bn_only,S2,2030,COMPLETE,/media/dell/data/fakeAudioDection/TTA/.worktrees/online-add-baselines-v2/experiments/online_add_v2/results/online_add_v2_20260928a/runs/bn_only_S2_order2030/attempt01,0,
tent,S2,2030,COMPLETE,/media/dell/data/fakeAudioDection/TTA/.worktrees/online-add-baselines-v2/experiments/online_add_v2/results/online_add_v2_20260928a/runs/tent_S2_order2030/attempt01,0,
eata,S2,2030,COMPLETE,/media/dell/data/fakeAudioDection/TTA/.worktrees/online-add-baselines-v2/experiments/online_add_v2/results/online_add_v2_20260928a/runs/eata_S2_order2030/attempt01,0,
rotta,S2,2030,COMPLETE,/media/dell/data/fakeAudioDection/TTA/.worktrees/online-add-baselines-v2/experiments/online_add_v2/results/online_add_v2_20260928a/runs/rotta_S2_order2030/attempt01,0,
lame,S2,2030,COMPLETE,/media/dell/data/fakeAudioDection/TTA/.worktrees/online-add-baselines-v2/experiments/online_add_v2/results/online_add_v2_20260928a/runs/lame_S2_order2030/attempt01,0,
frozen,S3,2030,COMPLETE,/media/dell/data/fakeAudioDection/TTA/.worktrees/online-add-baselines-v2/experiments/online_add_v2/results/online_add_v2_20260928a/runs/frozen_S3_order2030/attempt01,0,
bn_only,S3,2030,COMPLETE,/media/dell/data/fakeAudioDection/TTA/.worktrees/online-add-baselines-v2/experiments/online_add_v2/results/online_add_v2_20260928a/runs/bn_only_S3_order2030/attempt01,0,
tent,S3,2030,COMPLETE,/media/dell/data/fakeAudioDection/TTA/.worktrees/online-add-baselines-v2/experiments/online_add_v2/results/online_add_v2_20260928a/runs/tent_S3_order2030/attempt01,0,
eata,S3,2030,COMPLETE,/media/dell/data/fakeAudioDection/TTA/.worktrees/online-add-baselines-v2/experiments/online_add_v2/results/online_add_v2_20260928a/runs/eata_S3_order2030/attempt01,0,
rotta,S3,2030,COMPLETE,/media/dell/data/fakeAudioDection/TTA/.worktrees/online-add-baselines-v2/experiments/online_add_v2/results/online_add_v2_20260928a/runs/rotta_S3_order2030/attempt01,0,
lame,S3,2030,COMPLETE,/media/dell/data/fakeAudioDection/TTA/.worktrees/online-add-baselines-v2/experiments/online_add_v2/results/online_add_v2_20260928a/runs/lame_S3_order2030/attempt01,0,
frozen,S4,2030,COMPLETE,/media/dell/data/fakeAudioDection/TTA/.worktrees/online-add-baselines-v2/experiments/online_add_v2/results/online_add_v2_20260928a/runs/frozen_S4_order2030/attempt01,0,
bn_only,S4,2030,COMPLETE,/media/dell/data/fakeAudioDection/TTA/.worktrees/online-add-baselines-v2/experiments/online_add_v2/results/online_add_v2_20260928a/runs/bn_only_S4_order2030/attempt01,0,
tent,S4,2030,COMPLETE,/media/dell/data/fakeAudioDection/TTA/.worktrees/online-add-baselines-v2/experiments/online_add_v2/results/online_add_v2_20260928a/runs/tent_S4_order2030/attempt01,0,
eata,S4,2030,COMPLETE,/media/dell/data/fakeAudioDection/TTA/.worktrees/online-add-baselines-v2/experiments/online_add_v2/results/online_add_v2_20260928a/runs/eata_S4_order2030/attempt01,0,
rotta,S4,2030,COMPLETE,/media/dell/data/fakeAudioDection/TTA/.worktrees/online-add-baselines-v2/experiments/online_add_v2/results/online_add_v2_20260928a/runs/rotta_S4_order2030/attempt01,0,
lame,S4,2030,COMPLETE,/media/dell/data/fakeAudioDection/TTA/.worktrees/online-add-baselines-v2/experiments/online_add_v2/results/online_add_v2_20260928a/runs/lame_S4_order2030/attempt01,0,
frozen,S5,2030,COMPLETE,/media/dell/data/fakeAudioDection/TTA/.worktrees/online-add-baselines-v2/experiments/online_add_v2/results/online_add_v2_20260928a/runs/frozen_S5_order2030/attempt01,0,
bn_only,S5,2030,COMPLETE,/media/dell/data/fakeAudioDection/TTA/.worktrees/online-add-baselines-v2/experiments/online_add_v2/results/online_add_v2_20260928a/runs/bn_only_S5_order2030/attempt01,0,
tent,S5,2030,COMPLETE,/media/dell/data/fakeAudioDection/TTA/.worktrees/online-add-baselines-v2/experiments/online_add_v2/results/online_add_v2_20260928a/runs/tent_S5_order2030/attempt01,0,
eata,S5,2030,COMPLETE,/media/dell/data/fakeAudioDection/TTA/.worktrees/online-add-baselines-v2/experiments/online_add_v2/results/online_add_v2_20260928a/runs/eata_S5_order2030/attempt01,0,
rotta,S5,2030,COMPLETE,/media/dell/data/fakeAudioDection/TTA/.worktrees/online-add-baselines-v2/experiments/online_add_v2/results/online_add_v2_20260928a/runs/rotta_S5_order2030/attempt01,0,
lame,S5,2030,COMPLETE,/media/dell/data/fakeAudioDection/TTA/.worktrees/online-add-baselines-v2/experiments/online_add_v2/results/online_add_v2_20260928a/runs/lame_S5_order2030/attempt01,0,
frozen,S6,2030,COMPLETE,/media/dell/data/fakeAudioDection/TTA/.worktrees/online-add-baselines-v2/experiments/online_add_v2/results/online_add_v2_20260928a/runs/frozen_S6_order2030/attempt01,0,
bn_only,S6,2030,COMPLETE,/media/dell/data/fakeAudioDection/TTA/.worktrees/online-add-baselines-v2/experiments/online_add_v2/results/online_add_v2_20260928a/runs/bn_only_S6_order2030/attempt01,0,
tent,S6,2030,COMPLETE,/media/dell/data/fakeAudioDection/TTA/.worktrees/online-add-baselines-v2/experiments/online_add_v2/results/online_add_v2_20260928a/runs/tent_S6_order2030/attempt01,0,
eata,S6,2030,COMPLETE,/media/dell/data/fakeAudioDection/TTA/.worktrees/online-add-baselines-v2/experiments/online_add_v2/results/online_add_v2_20260928a/runs/eata_S6_order2030/attempt01,0,
rotta,S6,2030,COMPLETE,/media/dell/data/fakeAudioDection/TTA/.worktrees/online-add-baselines-v2/experiments/online_add_v2/results/online_add_v2_20260928a/runs/rotta_S6_order2030/attempt01,0,
lame,S6,2030,COMPLETE,/media/dell/data/fakeAudioDection/TTA/.worktrees/online-add-baselines-v2/experiments/online_add_v2/results/online_add_v2_20260928a/runs/lame_S6_order2030/attempt01,0,
