domain,arm,count,bonafide_count,spoof_count,EER,AUC,balanced_accuracy,FPR,FNR,mean_abs_score_delta,mean_update_norm,mean_distance_from_source,mean_evidence_damage,mean_evidence_loss,helpful_updates,harmful_updates,delta_EER,delta_AUC
in_the_wild,Frozen,512,310,202,0.09900990099009899,0.9578409453848611,0.5693548387096774,0.8612903225806452,0.0,0.0,,,,,0,0,0.0,0.0
in_the_wild,Base Adapt,512,310,202,0.10396039603960394,0.9587831363781539,0.567741935483871,0.864516129032258,0.0,0.03835557076672558,0.011714160266125262,0.011714160266125262,0.170890453656666,1.5214628131115837,0,1,0.004950495049504955,0.0009421909932928463
in_the_wild,Base + Preserve,512,310,202,0.10396039603960394,0.9564037048866177,0.581395720217183,0.832258064516129,0.0049504950495049506,0.15454248250171077,0.02655255239382548,0.02655255239382548,9.422545996784493e-07,1.646798717357123e-08,9,1,0.004950495049504955,-0.0014372404982433418
asv2021_la,Frozen,282,282,0,,,,,,0.0,,,,,0,0,,
asv2021_la,Base Adapt,282,282,0,,,,,,0.0283759224710735,0.008399962663920858,0.008399962663920858,0.12273920430535579,1.0508403647829854,0,1,,
asv2021_la,Base + Preserve,282,282,0,,,,,,0.15229532550624075,0.02147611692580282,0.02147611692580282,2.0323773822654285e-06,3.474304188552362e-08,10,0,,
asv2021_df,Frozen,370,370,0,,,,,,0.0,,,,,0,0,,
asv2021_df,Base Adapt,370,370,0,,,,,,0.07938870145259677,0.025836393744454678,0.025836393744454678,0.4491342569952638,4.56935792047806,0,4,,
asv2021_df,Base + Preserve,370,370,0,,,,,,0.2358240819662004,0.03694171060388554,0.03694171060388554,4.991829168399842e-07,6.12480907610153e-09,9,0,,
