setting,arm,domains,EER,AUC,balanced_accuracy,FPR,FNR,mean_abs_score_delta,mean_update_norm,mean_parameter_drift,evidence_damage,helpful_updates,harmful_updates
Frozen,Frozen,3,0.09900990099009899,0.9578409453848611,0.5693548387096774,0.8612903225806452,0.0,0.0,,,,0.0,0.0
A,hard_guard,3,0.09900990099009899,0.9578569147237305,0.5693548387096774,0.8612903225806452,0.0,0.0009407686863866535,0.0003067041040037513,0.0003067041040037513,1.2590416598685697e-05,0.0,0.0
A,relaxed_guard,3,0.09900990099009899,0.9578888534014692,0.5693548387096774,0.8612903225806452,0.0,0.0012418357327016755,0.0003904293965290751,0.0003904293965290751,0.00015274603131561467,0.0,0.0
A,unguarded,3,0.1032258064516129,0.9586234429894602,0.5693548387096774,0.8612903225806452,0.0,0.024532184852613114,0.005229802751990472,0.005229802751990472,0.02758135210291997,0.0,0.3333333333333333
B,hard_guard,3,0.09900990099009899,0.9577930373682529,0.5693548387096774,0.8612903225806452,0.0,0.0019453317230695214,0.0006618576859806128,0.0006618576859806128,1.600604312893949e-05,0.0,0.0
B,relaxed_guard,3,0.09900990099009899,0.9578090067071223,0.5693548387096774,0.8612903225806452,0.0,0.0023940918470203745,0.0007967433094854172,0.0007967433094854172,0.0001931563107391283,0.0,0.0
B,unguarded,3,0.10396039603960394,0.9588789524113702,0.5693548387096774,0.8612903225806452,0.0,0.06651825092514269,0.013860375846485218,0.013860375846485218,0.041088094406346344,0.0,0.3333333333333333
C,hard_guard,3,0.09900990099009899,0.9555892686042797,0.5693548387096774,0.8612903225806452,0.0,0.017481001620188192,0.006315382558601157,0.006315382558601157,2.5487010583829106e-05,0.3333333333333333,0.0
C,relaxed_guard,3,0.09900990099009899,0.9555094219099329,0.5693548387096774,0.8612903225806452,0.0,0.01842119535228426,0.007140192126858731,0.007140192126858731,0.00031668501530284556,0.3333333333333333,0.3333333333333333
C,unguarded,3,0.10396039603960394,0.9476525071862025,0.5741935483870968,0.8516129032258064,0.0,0.27205795118410364,0.06579500523575008,0.06579500523575008,0.29643617052442867,3.6666666666666665,1.0
