domain,setting,arm,count,bonafide_count,spoof_count,EER,AUC,balanced_accuracy,FPR,FNR,mean_abs_score_delta,mean_update_norm,mean_parameter_drift,evidence_damage,helpful_updates,harmful_updates,runtime_seconds_per_sample,delta_EER_vs_Frozen,delta_AUC_vs_Frozen
in_the_wild,Frozen,Frozen,512,310,202,0.09900990099009899,0.9578409453848611,0.5693548387096774,0.8612903225806452,0.0,0.0,,,,0,0,,0.0,0.0
in_the_wild,A,hard_guard,512,310,202,0.09900990099009899,0.9578569147237305,0.5693548387096774,0.8612903225806452,0.0,0.0019298387342132628,0.0005104441342289601,0.0005104441342289601,1.1510265930159136e-05,0,0,0.00496557945896825,0.0,1.5969338869381566e-05
in_the_wild,A,relaxed_guard,512,310,202,0.09900990099009899,0.9578888534014692,0.5693548387096774,0.8612903225806452,0.0,0.0022929198457859457,0.0006034495917865978,0.0006034495917865978,0.00013982279444668677,0,0,0.004654686089793358,0.0,4.79080166081447e-05
in_the_wild,A,unguarded,512,310,202,0.1032258064516129,0.9586234429894602,0.5693548387096774,0.8612903225806452,0.0,0.016468479007016867,0.003848175396463871,0.003848175396463871,0.01903267588910218,0,0,0.0031072590002168,0.004215905461513916,0.0007824976045991416
in_the_wild,B,hard_guard,512,310,202,0.09900990099009899,0.9577930373682529,0.5693548387096774,0.8612903225806452,0.0,0.004616275837179273,0.0012289748857927663,0.0012289748857927663,1.4621035380191216e-05,0,0,0.0051219537028259765,0.0,-4.79080166081447e-05
in_the_wild,B,relaxed_guard,512,310,202,0.09900990099009899,0.9578090067071223,0.5693548387096774,0.8612903225806452,0.0,0.005237782665062696,0.0013888969835864629,0.0013888969835864629,0.00017776749926490254,0,0,0.004862926136809165,0.0,-3.193867773876313e-05
in_the_wild,B,unguarded,512,310,202,0.10396039603960394,0.9588789524113702,0.5693548387096774,0.8612903225806452,0.0,0.045980348193552345,0.010526210324757201,0.010526210324757201,0.029170827679179112,0,0,0.0031331220781680713,0.004950495049504955,0.0010380070265091357
in_the_wild,C,hard_guard,512,310,202,0.09900990099009899,0.9555892686042797,0.5693548387096774,0.8612903225806452,0.0,0.04935441067209467,0.014107506069862552,0.014107506069862552,2.225961951045005e-05,0,0,0.013389004426358042,0.0,-0.0022516767805813576
in_the_wild,C,relaxed_guard,512,310,202,0.09900990099009899,0.9555094219099329,0.5693548387096774,0.8612903225806452,0.0,0.05083352216752246,0.015387475452328658,0.015387475452328658,0.0002838404087839308,0,0,0.012753076869586266,0.0,-0.0023315234749281544
in_the_wild,C,unguarded,512,310,202,0.10396039603960394,0.9476525071862025,0.5741935483870968,0.8516129032258064,0.0,0.2654791683453368,0.06910311757287957,0.06910311757287957,0.1724836951742068,3,0,0.005701894892496284,0.004950495049504955,-0.010188438198658556
asv2021_la,Frozen,Frozen,282,282,0,,,,,,0.0,,,,0,0,,,
asv2021_la,A,hard_guard,282,282,0,,,,,,0.00046620861435612887,0.00022706039157554265,0.00022706039157554265,1.1162645090871128e-05,0,0,0.004547611787200638,,
asv2021_la,A,relaxed_guard,282,282,0,,,,,,0.0007064492567211178,0.0002982109207041245,0.0002982109207041245,0.00013060007530523292,0,0,0.004329903592619341,,
asv2021_la,A,unguarded,282,282,0,,,,,,0.013162835587001017,0.0028565573037415927,0.0028565573037415927,0.014021969526666064,0,0,0.003038338606794041,,
asv2021_la,B,hard_guard,282,282,0,,,,,,0.000673977090111861,0.0004390377438191555,0.0004390377438191555,1.6057585639021885e-05,0,0,0.004914503943559826,,
asv2021_la,B,relaxed_guard,282,282,0,,,,,,0.0010432217349397375,0.0005688756417201032,0.0005688756417201032,0.0001883736398803136,0,0,0.004680647401183312,,
asv2021_la,B,unguarded,282,282,0,,,,,,0.03710432857909101,0.007750479886653791,0.007750479886653791,0.021465364613340306,0,0,0.0030356623513701684,,
asv2021_la,C,hard_guard,282,282,0,,,,,,0.0020189264141921457,0.0026436604608237537,0.0026436604608237537,2.7661394445506932e-05,0,0,0.01409554391134826,,
asv2021_la,C,relaxed_guard,282,282,0,,,,,,0.002746075708815392,0.003403120098618216,0.003403120098618216,0.0003391930802581233,0,0,0.013378925577853806,,
asv2021_la,C,unguarded,282,282,0,,,,,,0.15867788225729415,0.04652311388600918,0.04652311388600918,0.13031561799771998,3,1,0.005583220688411091,,
asv2021_df,Frozen,Frozen,370,370,0,,,,,,0.0,,,,0,0,,,
asv2021_df,A,hard_guard,370,370,0,,,,,,0.00042625871059056875,0.00018260778620675115,0.00018260778620675115,1.5098338775026825e-05,0,0,0.005499813491966248,,
asv2021_df,A,relaxed_guard,370,370,0,,,,,,0.0007261380955979631,0.0002696276770965031,0.0002696276770965031,0.00018781522419492437,0,0,0.005270010397480046,,
asv2021_df,A,unguarded,370,370,0,,,,,,0.04396523996382146,0.008984675555765952,0.008984675555765952,0.04968941089299168,0,1,0.0030951851948614333,,
asv2021_df,B,hard_guard,370,370,0,,,,,,0.0005457422419174298,0.0003175604283299165,0.0003175604283299165,1.7339508367605368e-05,0,0,0.005815398545717078,,
asv2021_df,B,relaxed_guard,370,370,0,,,,,,0.0009012711410586898,0.00043245730314968545,0.00043245730314968545,0.0002133277930721687,0,0,0.005580721243176093,,
asv2021_df,B,unguarded,370,370,0,,,,,,0.11647007600278468,0.02330443732804466,0.02330443732804466,0.0726280909265196,0,1,0.0030957105673371337,,
asv2021_df,C,hard_guard,370,370,0,,,,,,0.0010696677742777644,0.0021949811451171678,0.0021949811451171678,2.6540017795530335e-05,1,0,0.014909961064404342,,
asv2021_df,C,relaxed_guard,370,370,0,,,,,,0.0016839881805149285,0.002629980829629317,0.002629980829629317,0.00032702155686648265,1,1,0.01429595851026337,,
asv2021_df,C,unguarded,370,370,0,,,,,,0.3920168029496799,0.08175878424836147,0.08175878424836147,0.5865091984013592,5,2,0.005648440995129341,,
