domain,arm,count,bonafide_count,spoof_count,EER,AUC,balanced_accuracy,FPR,FNR,mean_abs_score_delta,mean_update_norm,mean_distance_from_source,mean_evidence_damage,mean_decision_order_damage,helpful_updates,harmful_updates,delta_EER,delta_AUC
in_the_wild,Frozen,512,310,202,0.09900990099009899,0.9578409453848611,0.5693548387096774,0.8612903225806452,0.0,0.0,,,,,0,0,0.0,0.0
in_the_wild,Base Adapt,512,310,202,0.10396039603960394,0.9587831363781539,0.567741935483871,0.864516129032258,0.0,0.03835557076672558,0.011714160266125262,0.011714160266125262,0.170890453656666,8.232297361463956e-08,0,1,0.004950495049504955,0.0009421909932928463
in_the_wild,Base + Preserve,512,310,202,0.10396039603960394,0.9587831363781539,0.567741935483871,0.864516129032258,0.0,0.03835552000964526,0.011714160338884838,0.011714160338884838,0.17088672091578694,8.175937211410064e-08,0,1,0.004950495049504955,0.0009421909932928463
asv2021_la,Frozen,282,282,0,,,,,,0.0,,,,,0,0,,
asv2021_la,Base Adapt,282,282,0,,,,,,0.0283759224710735,0.008399962663920858,0.008399962663920858,0.12273920430535579,2.0575055570443657e-08,0,1,,
asv2021_la,Base + Preserve,282,282,0,,,,,,0.02837552257040714,0.008399962584659363,0.008399962584659363,0.12273828698564541,2.041309734111001e-08,0,1,,
asv2021_df,Frozen,370,370,0,,,,,,0.0,,,,,0,0,,
asv2021_df,Base Adapt,370,370,0,,,,,,0.07938870145259677,0.025836393744454678,0.025836393744454678,0.4491342569952638,1.8519529317933203e-07,0,4,,
asv2021_df,Base + Preserve,370,370,0,,,,,,0.07938774069016044,0.025836393502814227,0.025836393502814227,0.4491212625383283,1.8374475525772343e-07,0,4,,
