arm,epoch,train_loss,gradient_norm,source_val_auc,source_val_eer
erm,1,0.0365760204634474,0.190977755815281,0.9993610146604939,0.00694444444444442
erm,2,0.01559285404800903,0.11874002194771473,0.9993248456790124,0.00694444444444442
erm,3,0.02068620586457352,0.14875074059668233,0.9993489583333334,0.00694444444444442
erm,4,0.02197735903124946,0.2059274072710758,0.9993851273148148,0.00694444444444442
meta_bce,1,0.03453055948678715,0.2883574018563589,0.9993127893518519,0.00694444444444442
meta_bce,2,0.018919232398426782,0.11455359973327638,0.9993007330246914,0.00694444444444442
meta_bce,3,0.022657810574552666,0.10985232840998371,0.9993489583333334,0.00694444444444442
meta_bce,4,0.025169395356594276,0.23760143341460424,0.9993127893518519,0.00694444444444442
meta_rank,1,0.036126233273535036,0.28624058667802715,0.9992766203703703,0.00694444444444442
meta_rank,2,0.019826309095757704,0.12371830029247737,0.9992886766975309,0.00694444444444442
meta_rank,3,0.024506530666258186,0.10806977413832426,0.9993248456790124,0.00694444444444442
meta_rank,4,0.025866821485882003,0.23170322559055326,0.9993730709876543,0.00694444444444442
