domain,arm,orders,mean_AUC,std_AUC,min_AUC,max_AUC,mean_EER,std_EER,min_EER,max_EER,mean_balanced_accuracy,mean_FPR,mean_FNR,mean_abs_score_delta,mean_R_norm,mean_source_evidence_damage,numeric_failures,mean_runtime_seconds
in_the_wild,Frozen,6,0.9633087850193088,0.0,0.9633087850193088,0.9633087850193088,0.09857072449482504,0.0,0.09857072449482504,0.09857072449482504,0.558896007885658,0.8822079842286841,0.0,0.0,0.0,0.0,0,0.0
in_the_wild,Per-sample Base,6,0.9638655509044014,0.0,0.9638655509044014,0.9638655509044014,0.09955643173977329,0.0,0.09955643173977329,0.09955643173977329,0.5581567274519468,0.8836865450961064,0.0,0.04267529905301884,0.013337850741671585,0.19909157138404632,0,0.0015077164306763354
in_the_wild,Local-Base B32,6,0.9633165059637862,3.612796640058952e-05,0.963269322414202,0.96336454739609,0.09850330921110104,0.0002887708185747182,0.09834638816362051,0.09906357811729916,0.5328569081649417,0.9342861836701166,0.0,0.05529415124422828,0.013399143639005578,0.20049505319601837,0,0.00025900186610673876
in_the_wild,Local-O1 B32,6,0.9633395258167652,2.13829168071414e-05,0.9633049245470701,0.9633679789269689,0.09846591982256696,0.00029279157252716314,0.09834638816362051,0.09906357811729916,0.5552817479875144,0.8894365040249712,0.0,0.023084920869903016,0.0054379764711875046,0.0418632214814533,0,0.0028028070585248777
codecfake,Frozen,6,0.8230944473954891,0.0,0.8230944473954891,0.8230944473954891,0.260932944606414,0.0,0.260932944606414,0.260932944606414,0.6283059021343487,0.6311953352769679,0.11219286045433473,0.0,0.0,0.0,0,0.0
codecfake,Per-sample Base,6,0.8228325703418662,0.0,0.8228325703418662,0.8228325703418662,0.260932944606414,0.0,0.260932944606414,0.260932944606414,0.6283883511680055,0.6326530612244898,0.1105702364394993,0.053366560898721216,0.014077844809538328,0.19397154239732742,0,0.00150524523712326
codecfake,Local-Base B32,6,0.8238004735638212,0.002107873104007297,0.8223662602334795,0.8279200812055401,0.260932944606414,0.0,0.260932944606414,0.260932944606414,0.6129345075337241,0.6814868804664723,0.09264410446607943,0.06522093227456013,0.014284431739834447,0.19803138903439976,0,0.00025688903403740066
codecfake,Local-O1 B32,6,0.8241272003867446,0.0027698608313877957,0.8224574948199029,0.8296765159471299,0.260932944606414,0.0,0.260932944606414,0.260932944606414,0.6229455885937394,0.6484450923226434,0.10566373048987791,0.03247450119306644,0.007007992450054735,0.09869361349292255,0,0.002785908617701595
asv2019_la_dev,Frozen,6,0.9999621103605061,0.0,0.9999621103605061,0.9999621103605061,0.00044543429844101645,0.0,0.00044543429844101645,0.00044543429844101645,0.971880342670203,0.056016597510373446,0.00022271714922048998,0.0,0.0,0.0,0,0.0
asv2019_la_dev,Per-sample Base,6,0.9999625724292803,0.0,0.9999625724292803,0.9999625724292803,0.00044543429844101645,0.0,0.00044543429844101645,0.00044543429844101645,0.971880342670203,0.056016597510373446,0.00022271714922048998,0.050964411189262655,0.00978116639340758,0.050742852344933656,0,0.0014934533655688738
asv2019_la_dev,Local-Base B32,6,0.9999530230079445,2.8433816679909907e-06,0.9999500965723739,0.9999574896727629,0.00044543429844101645,0.0,0.00044543429844101645,0.00044543429844101645,0.9658291670132182,0.06811894882434301,0.00022271714922048998,0.0556973086170039,0.009010396975371811,0.04084707364683288,0,0.000259653402454218
asv2019_la_dev,Local-O1 B32,6,0.9999518678360088,3.7812549608528603e-06,0.9999464000221793,0.9999565655352143,0.00044543429844101645,0.0,0.00044543429844101645,0.00044543429844101645,0.9646189318818212,0.07053941908713693,0.00022271714922048998,0.05316739722978465,0.0069438749009197755,0.07048059841389731,0,0.002773591002331505
