domain,order,after,before,replicates,seed,delta_EER,delta_AUC,delta_EER_ci_low,delta_EER_ci_high,delta_AUC_ci_low,delta_AUC_ci_high
in_the_wild,manifest_order,Per-sample Base,Frozen,1000,2026,0.0009857072449482446,0.0005567658850925694,-0.0023563142956289614,0.0035542295548317633,-3.649218618975991e-05,0.0012376995703293756
in_the_wild,manifest_order,Local-Base B32,Frozen,1000,2026,-0.00022433633120452767,-8.149885837305249e-06,-0.0013170644454367653,0.0009857072449482446,-0.00020084106821835755,0.00018875564540441755
in_the_wild,manifest_order,Local-O1 B32,Frozen,1000,2026,-0.00022433633120452767,2.316283343217762e-05,-0.0012544390068977747,0.0009857072449482446,-0.000156241890327391,0.0002072430180142803
in_the_wild,manifest_order,Local-Base B32,Per-sample Base,1000,2026,-0.0012100435761527722,-0.0005649157709298747,-0.003483014565561845,0.001971414489896503,-0.0012323699739332562,4.085666452585474e-06
in_the_wild,manifest_order,Local-O1 B32,Per-sample Base,1000,2026,-0.0012100435761527722,-0.0005336030516603918,-0.003481288076588429,0.0023742976621409246,-0.001186473248428671,4.4416877812991034e-05
in_the_wild,seed2026,Per-sample Base,Frozen,1000,2026,0.0009857072449482446,0.0005567658850925694,-0.0023563142956289614,0.0035542295548317633,-3.649218618975991e-05,0.0012376995703293756
in_the_wild,seed2026,Local-Base B32,Frozen,1000,2026,-0.00022433633120452767,-1.3297182155591614e-05,-0.0009098489654577649,0.0014095013084856195,-0.0001630298873472047,0.00014118604859641998
in_the_wild,seed2026,Local-O1 B32,Frozen,1000,2026,-0.00022433633120452767,3.174166062924755e-05,-0.0009857072449482446,0.0014785608674223738,-8.49625598534881e-05,0.00015488000150989942
in_the_wild,seed2026,Local-Base B32,Per-sample Base,1000,2026,-0.0012100435761527722,-0.000570063067248161,-0.003481288076588318,0.002041793043514811,-0.0011766075971519712,-1.2675217183669327e-05
in_the_wild,seed2026,Local-O1 B32,Per-sample Base,1000,2026,-0.0012100435761527722,-0.0005250242244633219,-0.003481288076588318,0.0022803916749344812,-0.0011860443070686871,4.3130053733491996e-05
in_the_wild,seed2027,Per-sample Base,Frozen,1000,2026,0.0009857072449482446,0.0005567658850925694,-0.0023563142956289614,0.0035542295548317633,-3.649218618975991e-05,0.0012376995703293756
in_the_wild,seed2027,Local-Base B32,Frozen,1000,2026,0.0004928536224741153,-3.946260510678812e-05,-0.0007305193064361344,0.0017343707709062866,-0.0001883052569764454,0.00010857578171353795
in_the_wild,seed2027,Local-O1 B32,Frozen,1000,2026,0.0004928536224741153,-3.860472238770285e-06,-0.0005934403713602529,0.0013885904171926798,-0.00013611381701610913,0.00013558836385037793
in_the_wild,seed2027,Local-Base B32,Per-sample Base,1000,2026,-0.0004928536224741292,-0.0005962284901993575,-0.003450758175300613,0.0024642681123706323,-0.0012156519844328778,-5.9108119388207115e-05
in_the_wild,seed2027,Local-O1 B32,Per-sample Base,1000,2026,-0.0004928536224741292,-0.0005606263573313397,-0.003481288076588318,0.0024642681123706323,-0.0011694549999763549,-8.139162303308366e-06
in_the_wild,seed2028,Per-sample Base,Frozen,1000,2026,0.0009857072449482446,0.0005567658850925694,-0.0023563142956289614,0.0035542295548317633,-3.649218618975991e-05,0.0012376995703293756
in_the_wild,seed2028,Local-Base B32,Frozen,1000,2026,-0.00022433633120452767,4.375201870521206e-05,-0.0009857072449482585,0.0009857072449482585,-0.00010643107491416226,0.00019948990293475186
in_the_wild,seed2028,Local-O1 B32,Frozen,1000,2026,-0.00022433633120452767,4.546778414471486e-05,-0.0009857072449482446,0.0013784352304980951,-8.193852326647822e-05,0.00017212344417611702
in_the_wild,seed2028,Local-Base B32,Per-sample Base,1000,2026,-0.0012100435761527722,-0.0005130138663873574,-0.003481288076588318,0.0023969350424072815,-0.0011744843374206977,6.744030530323177e-05
in_the_wild,seed2028,Local-O1 B32,Per-sample Base,1000,2026,-0.0012100435761527722,-0.0005112981009478546,-0.003481288076588318,0.002464268112370619,-0.001169358488170405,7.130077754211031e-05
in_the_wild,seed2029,Per-sample Base,Frozen,1000,2026,0.0009857072449482446,0.0005567658850925694,-0.0023563142956289614,0.0035542295548317633,-3.649218618975991e-05,0.0012376995703293756
in_the_wild,seed2029,Local-Base B32,Frozen,1000,2026,0.0,7.720944477318525e-06,-0.0009857072449482585,0.0008703220191470518,-0.00012740630741130132,0.0001468051804106778
in_the_wild,seed2029,Local-O1 B32,Frozen,1000,2026,-0.00022433633120452767,5.9193907660071154e-05,-0.0009857072449482585,0.0004152152363402356,-4.460990142485799e-05,0.00017458985699530247
in_the_wild,seed2029,Local-Base B32,Per-sample Base,1000,2026,-0.0009857072449482446,-0.0005490449406152509,-0.0037498053678579196,0.0023969350424072815,-0.0011563079472968391,3.030470707387464e-05
in_the_wild,seed2029,Local-O1 B32,Per-sample Base,1000,2026,-0.0012100435761527722,-0.0004975719774324983,-0.0035516666302066306,0.002303876214386652,-0.0011226467740820477,8.073748745882616e-05
in_the_wild,seed2030,Per-sample Base,Frozen,1000,2026,0.0009857072449482446,0.0005567658850925694,-0.0023563142956289614,0.0035542295548317633,-3.649218618975991e-05,0.0012376995703293756
in_the_wild,seed2030,Local-Base B32,Frozen,1000,2026,-0.00022433633120452767,5.576237678117657e-05,-0.0012329919389050161,0.0008703220191471628,-8.15524760425873e-05,0.00020932338360946378
in_the_wild,seed2030,Local-O1 B32,Frozen,1000,2026,-0.00022433633120452767,2.8739071110339687e-05,-0.0013703925800007887,0.0008703220191470518,-9.008840910367522e-05,0.0001518452413887872
in_the_wild,seed2030,Local-Base B32,Per-sample Base,1000,2026,-0.0012100435761527722,-0.0005010035083113928,-0.003481288076588429,0.001971414489896503,-0.0011573159594924554,7.296292531141498e-05
in_the_wild,seed2030,Local-O1 B32,Per-sample Base,1000,2026,-0.0012100435761527722,-0.0005280268139822297,-0.003481288076588429,0.001971414489896503,-0.0011956311464615677,5.624493581103391e-05
codecfake,manifest_order,Per-sample Base,Frozen,1000,2026,0.0,-0.00026187705362290536,-0.001537623791817502,0.0009272137227630539,-0.0010341355894632255,0.0003981207026819977
codecfake,manifest_order,Local-Base B32,Frozen,1000,2026,0.0,0.004825633810050967,-0.0016226240148354831,0.00023180343069073572,0.004061746892279688,0.0056329500804889795
codecfake,manifest_order,Local-O1 B32,Frozen,1000,2026,0.0,0.006582068551640785,-0.0021657401287557177,0.00023180343069084675,0.0056971521968612856,0.0074496503349998295
codecfake,manifest_order,Local-Base B32,Per-sample Base,1000,2026,0.0,0.005087510863673872,-0.0014579962722223749,0.0011346372445262634,0.004145006900038181,0.006111382562164544
codecfake,manifest_order,Local-O1 B32,Per-sample Base,1000,2026,0.0,0.0068439456052636904,-0.0018392723670035659,0.0006954102920723182,0.005867380729363122,0.007986135046110598
codecfake,seed2026,Per-sample Base,Frozen,1000,2026,0.0,-0.00026187705362290536,-0.001537623791817502,0.0009272137227630539,-0.0010341355894632255,0.0003981207026819977
codecfake,seed2026,Local-Base B32,Frozen,1000,2026,0.0,0.0004642826731328098,-0.0006954102920723182,0.0009166710594430414,-0.00023046025483516863,0.0011987041985480728
codecfake,seed2026,Local-O1 B32,Frozen,1000,2026,0.0,0.00039906683913382146,-0.0007492218027684424,0.000911788319540023,-0.0002183463291933141,0.0010492315344573678
codecfake,seed2026,Local-Base B32,Per-sample Base,1000,2026,0.0,0.0007261597267557152,-0.000819962397834141,0.001622624014835372,-0.00014986970349435965,0.0016637302646073176
codecfake,seed2026,Local-O1 B32,Per-sample Base,1000,2026,0.0,0.0006609438927567268,-0.000695410292072321,0.001622624014835372,-0.00019125472561368483,0.0016072661927876374
codecfake,seed2027,Per-sample Base,Frozen,1000,2026,0.0,-0.00026187705362290536,-0.001537623791817502,0.0009272137227630539,-0.0010341355894632255,0.0003981207026819977
codecfake,seed2027,Local-Base B32,Frozen,1000,2026,0.0,-0.00035328059298422865,-0.0009074462290379767,0.0009272137227630539,-0.000989202555649754,0.0003001871322737297
codecfake,seed2027,Local-O1 B32,Frozen,1000,2026,0.0,-0.0002625528653742437,-0.0009272137227630567,0.0006954102920723182,-0.0008577064841434445,0.0003313673969488754
codecfake,seed2027,Local-Base B32,Per-sample Base,1000,2026,0.0,-9.140353936132328e-05,-0.0010149340880798454,0.0015044752254170179,-0.0010106173405185271,0.0008169127973065542
codecfake,seed2027,Local-O1 B32,Per-sample Base,1000,2026,0.0,-6.75811751338351e-07,-0.0010525430120389616,0.0014577259475218873,-0.0008921306452246896,0.0009073279619815272
codecfake,seed2028,Per-sample Base,Frozen,1000,2026,0.0,-0.00026187705362290536,-0.001537623791817502,0.0009272137227630539,-0.0010341355894632255,0.0003981207026819977
codecfake,seed2028,Local-Base B32,Frozen,1000,2026,0.0,-0.0007281871620096192,-0.00046360686138158247,0.000911788319540023,-0.001377718283816609,-5.5999451240951265e-05
codecfake,seed2028,Local-O1 B32,Frozen,1000,2026,0.0,-0.0005734262709653493,-0.00046360686138158247,0.0009166710594430414,-0.0011540837276693972,2.238626426129812e-05
codecfake,seed2028,Local-Base B32,Per-sample Base,1000,2026,0.0,-0.00046631010838671383,-0.0009272137227630539,0.0016226240148354831,-0.0013902039059216747,0.00048623810740272804
codecfake,seed2028,Local-O1 B32,Per-sample Base,1000,2026,0.0,-0.0003115492173424439,-0.000725585286767223,0.0016226240148354831,-0.0011463879213516382,0.0006066170756003935
codecfake,seed2029,Per-sample Base,Frozen,1000,2026,0.0,-0.00026187705362290536,-0.001537623791817502,0.0009272137227630539,-0.0010341355894632255,0.0003981207026819977
codecfake,seed2029,Local-Base B32,Frozen,1000,2026,0.0,0.0007379864324033036,-0.0006954102920723182,0.0006954102920723182,0.0001300684191817947,0.0013520543325615335
codecfake,seed2029,Local-O1 B32,Frozen,1000,2026,0.0,0.0006883142686838761,-0.0006954102920723182,0.0006499450565046018,0.0001348159967343998,0.0012428938394352107
codecfake,seed2029,Local-Base B32,Per-sample Base,1000,2026,0.0,0.000999863486026209,-0.0006954102920723182,0.0014693161190564707,9.795891334877519e-05,0.0019251680405920567
codecfake,seed2029,Local-O1 B32,Per-sample Base,1000,2026,0.0,0.0009501913223067815,-0.0007951094206807077,0.0014471832842017928,0.0001441506465489878,0.0018701654116840547
codecfake,seed2030,Per-sample Base,Frozen,1000,2026,0.0,-0.00026187705362290536,-0.001537623791817502,0.0009272137227630539,-0.0010341355894632255,0.0003981207026819977
codecfake,seed2030,Local-Base B32,Frozen,1000,2026,0.0,-0.0007102781506005407,-0.0006954102920723182,0.0006954102920723182,-0.0014432635760443264,-4.6732382601344594e-05
codecfake,seed2030,Local-O1 B32,Frozen,1000,2026,0.0,-0.0006369525755861583,-0.0006954102920723182,0.0006954102920723182,-0.0012475484928721526,-6.791063335722659e-05
codecfake,seed2030,Local-Base B32,Per-sample Base,1000,2026,0.0,-0.0004484010969776353,-0.0009272137227631649,0.001622624014835372,-0.0014246956481775818,0.00047873659696345497
codecfake,seed2030,Local-O1 B32,Per-sample Base,1000,2026,0.0,-0.0003750755219632529,-0.0009272137227631649,0.001622624014835372,-0.0012542474768568457,0.0005410379927850094
asv2019_la_dev,manifest_order,Per-sample Base,Frozen,1000,2026,0.0,4.620687742429297e-07,0.0,0.0,-1.386206323061856e-06,3.696550194498549e-06
asv2019_la_dev,manifest_order,Local-Base B32,Frozen,1000,2026,0.0,-4.620687743206453e-06,0.0,0.0,-1.6634475875410004e-05,1.1102230246251565e-16
asv2019_la_dev,manifest_order,Local-O1 B32,Frozen,1000,2026,0.0,-5.544825291803335e-06,0.0,0.0,-1.942999196002659e-05,1.1102230246251565e-16
asv2019_la_dev,manifest_order,Local-Base B32,Per-sample Base,1000,2026,0.0,-5.082756517449383e-06,0.0,0.0,-1.9406888521095177e-05,1.1102230246251565e-16
asv2019_la_dev,manifest_order,Local-O1 B32,Per-sample Base,1000,2026,0.0,-6.006894066046264e-06,0.0,0.0,-2.0827750002441746e-05,1.1102230246251565e-16
asv2019_la_dev,seed2026,Per-sample Base,Frozen,1000,2026,0.0,4.620687742429297e-07,0.0,0.0,-1.386206323061856e-06,3.696550194498549e-06
asv2019_la_dev,seed2026,Local-Base B32,Frozen,1000,2026,0.0,-1.0165513035009788e-05,0.0,0.0,-3.46551580736626e-05,1.1102230246251565e-16
asv2019_la_dev,seed2026,Local-O1 B32,Frozen,1000,2026,0.0,-1.5710338326813122e-05,0.0,0.0,-5.4062046595082514e-05,1.1102230246251565e-16
asv2019_la_dev,seed2026,Local-Base B32,Per-sample Base,1000,2026,0.0,-1.0627581809252717e-05,0.0,0.0,-3.6041364396721676e-05,1.1102230246251565e-16
asv2019_la_dev,seed2026,Local-O1 B32,Per-sample Base,1000,2026,0.0,-1.6172407101056052e-05,0.0,0.0,-5.54482529179251e-05,1.1102230246251565e-16
asv2019_la_dev,seed2027,Per-sample Base,Frozen,1000,2026,0.0,4.620687742429297e-07,0.0,0.0,-1.386206323061856e-06,3.696550194498549e-06
asv2019_la_dev,seed2027,Local-Base B32,Frozen,1000,2026,0.0,-6.931031614754168e-06,0.0,0.0,-2.4951713813003984e-05,1.1102230246251565e-16
asv2019_la_dev,seed2027,Local-O1 B32,Frozen,1000,2026,0.0,-8.317237937705002e-06,0.0,0.0,-2.957240155610219e-05,1.1102230246251565e-16
asv2019_la_dev,seed2027,Local-Base B32,Per-sample Base,1000,2026,0.0,-7.393100388997098e-06,0.0,0.0,-2.6337920135957593e-05,1.1102230246251565e-16
asv2019_la_dev,seed2027,Local-O1 B32,Per-sample Base,1000,2026,0.0,-8.779306711947932e-06,0.0,0.0,-3.1882745427869175e-05,1.1102230246251565e-16
asv2019_la_dev,seed2028,Per-sample Base,Frozen,1000,2026,0.0,4.620687742429297e-07,0.0,0.0,-1.386206323061856e-06,3.696550194498549e-06
asv2019_la_dev,seed2028,Local-Base B32,Frozen,1000,2026,0.0,-1.2013788132203551e-05,0.0,0.0,-4.252187895647519e-05,1.1102230246251565e-16
asv2019_la_dev,seed2028,Local-O1 B32,Frozen,1000,2026,0.0,-1.0627581809252717e-05,0.0,0.0,-3.6041364396721676e-05,1.1102230246251565e-16
asv2019_la_dev,seed2028,Local-Base B32,Per-sample Base,1000,2026,0.0,-1.247585690644648e-05,0.0,0.0,-4.435860233442668e-05,1.1102230246251565e-16
asv2019_la_dev,seed2028,Local-O1 B32,Per-sample Base,1000,2026,0.0,-1.1089650583495647e-05,0.0,0.0,-3.884843220069711e-05,1.1102230246251565e-16
asv2019_la_dev,seed2029,Per-sample Base,Frozen,1000,2026,0.0,4.620687742429297e-07,0.0,0.0,-1.386206323061856e-06,3.696550194498549e-06
asv2019_la_dev,seed2029,Local-Base B32,Frozen,1000,2026,0.0,-1.1551719357960621e-05,0.0,0.0,-4.0199983365463154e-05,1.1102230246251565e-16
asv2019_la_dev,seed2029,Local-O1 B32,Frozen,1000,2026,0.0,-1.3399994455154385e-05,0.0,0.0,-4.7131014980328345e-05,1.1102230246251565e-16
asv2019_la_dev,seed2029,Local-Base B32,Per-sample Base,1000,2026,0.0,-1.2013788132203551e-05,0.0,0.0,-4.297239601136482e-05,1.1102230246251565e-16
asv2019_la_dev,seed2029,Local-O1 B32,Per-sample Base,1000,2026,0.0,-1.3862063229397315e-05,0.0,0.0,-4.990342762612177e-05,1.1102230246251565e-16
asv2019_la_dev,seed2030,Per-sample Base,Frozen,1000,2026,0.0,4.620687742429297e-07,0.0,0.0,-1.386206323061856e-06,3.696550194498549e-06
asv2019_la_dev,seed2030,Local-Base B32,Frozen,1000,2026,0.0,-9.241375486301884e-06,0.0,0.0,-3.236791764104352e-05,1.1102230246251565e-16
asv2019_la_dev,seed2030,Local-O1 B32,Frozen,1000,2026,0.0,-7.85516916335105e-06,0.0,0.0,-2.7758781617304162e-05,1.1102230246251565e-16
asv2019_la_dev,seed2030,Local-Base B32,Per-sample Base,1000,2026,0.0,-9.703444260544813e-06,0.0,0.0,-3.466670979323516e-05,1.1102230246251565e-16
asv2019_la_dev,seed2030,Local-O1 B32,Per-sample Base,1000,2026,0.0,-8.31723793759398e-06,0.0,0.0,-2.959550499503638e-05,1.1102230246251565e-16
