order,subset,arm,count,bonafide_count,spoof_count,delta_AUC_vs_Frozen
manifest_order,prior_fixed512,Local-Base B32,512,81,431,0.0038956202915986227
manifest_order,prior_fixed512,Local-O1 B32,512,81,431,0.005184612299848235
manifest_order,additional4488,Local-Base B32,4488,605,3883,0.004850556462477895
manifest_order,additional4488,Local-O1 B32,4488,605,3883,0.006665630859670091
seed2026,prior_fixed512,Local-Base B32,512,81,431,-0.0016327232104493827
seed2026,prior_fixed512,Local-O1 B32,512,81,431,-0.001288992008249501
seed2026,additional4488,Local-Base B32,4488,605,3883,0.0006866123364612786
seed2026,additional4488,Local-O1 B32,4488,605,3883,0.0005678492602847474
seed2027,prior_fixed512,Local-Base B32,512,81,431,-0.00028644266849986444
seed2027,prior_fixed512,Local-O1 B32,512,81,431,-0.00017186560109994087
seed2027,additional4488,Local-Base B32,4488,605,3883,-0.00036161015488156423
seed2027,additional4488,Local-O1 B32,4488,605,3883,-0.00027158008100580666
seed2028,prior_fixed512,Local-Base B32,512,81,431,-0.0015467904098994678
seed2028,prior_fixed512,Local-O1 B32,512,81,431,-0.0012603477413996034
seed2028,additional4488,Local-Base B32,4488,605,3883,-0.000656389474782082
seed2028,additional4488,Local-O1 B32,4488,605,3883,-0.0005108089297914953
seed2029,prior_fixed512,Local-Base B32,512,81,431,-0.00014322133424993222
seed2029,prior_fixed512,Local-O1 B32,512,81,431,0.00014322133424993222
seed2029,additional4488,Local-Base B32,4488,605,3883,0.0007449296892791946
seed2029,additional4488,Local-O1 B32,4488,605,3883,0.0007262000285200854
seed2030,prior_fixed512,Local-Base B32,512,81,431,-0.0007733952049496784
seed2030,prior_fixed512,Local-O1 B32,512,81,431,-0.0007733952049496784
seed2030,additional4488,Local-Base B32,4488,605,3883,-0.0007227946356549442
seed2030,additional4488,Local-O1 B32,4488,605,3883,-0.0005972207737477975
