domain,arm,mean_delta_AUC,std_delta_AUC,min_delta_AUC,max_delta_AUC,effect_to_order_variability,positive_order_count,bootstrap_positive_order_count,mean_delta_EER,max_delta_EER
in_the_wild,Frozen,0.0,0.0,0.0,0.0,0.0,0,0,0.0,0.0
in_the_wild,Per-sample Base,0.0005567658850925694,0.0,0.0005567658850925694,0.0005567658850925694,556765885.0925695,6,0,0.0009857072449482446,0.0009857072449482446
in_the_wild,Local-Base B32,7.72094447733703e-06,3.612796640058952e-05,-3.946260510678812e-05,5.576237678117657e-05,0.21371101207346202,3,0,-6.741528372399923e-05,0.0004928536224741153
in_the_wild,Local-O1 B32,3.0740797456296765e-05,2.13829168071414e-05,-3.860472238770285e-06,5.9193907660071154e-05,1.4376334293362925,5,0,-0.00010480467225808716,0.0004928536224741153
codecfake,Frozen,0.0,0.0,0.0,0.0,0.0,0,0,0.0,0.0
codecfake,Per-sample Base,-0.00026187705362290536,0.0,-0.00026187705362290536,-0.00026187705362290536,261877053.62290537,0,0,0.0,0.0
codecfake,Local-Base B32,0.0007060261683321153,0.002107873104007297,-0.0007281871620096192,0.004825633810050967,0.33494718759631936,3,2,0.0,0.0
codecfake,Local-O1 B32,0.0010327529912554552,0.0027698608313877957,-0.0006369525755861583,0.006582068551640785,0.37285374744447236,3,2,0.0,0.0
asv2019_la_dev,Frozen,0.0,0.0,0.0,0.0,0.0,0,0,0.0,0.0
asv2019_la_dev,Per-sample Base,4.620687742429297e-07,0.0,4.620687742429297e-07,4.620687742429297e-07,462068.7742429297,6,0,0.0,0.0
asv2019_la_dev,Local-Base B32,-9.087352561572745e-06,2.8433816679909907e-06,-1.2013788132203551e-05,-4.620687743206453e-06,3.1959653773909613,0,0,0.0,0.0
asv2019_la_dev,Local-O1 B32,-1.0242524497346603e-05,3.7812549608528603e-06,-1.5710338326813122e-05,-5.544825291803335e-06,2.708762539057633,0,0,0.0,0.0
