domain,order,arm,count,bonafide_count,spoof_count,EER,AUC,balanced_accuracy,FPR,FNR,delta_EER_vs_Frozen,delta_AUC_vs_Frozen,mean_abs_score_delta,mean_R_norm,mean_source_evidence_damage,numeric_failures,mean_runtime_seconds
in_the_wild,manifest_order,Frozen,3178,2029,1149,0.09857072449482504,0.9633087850193088,0.558896007885658,0.8822079842286841,0.0,0.0,0.0,0.0,0.0,0.0,0,0.0
in_the_wild,manifest_order,Per-sample Base,3178,2029,1149,0.09955643173977329,0.9638655509044014,0.5581567274519468,0.8836865450961064,0.0,0.0009857072449482446,0.0005567658850925694,0.04267529905301884,0.013337850741671585,0.19909157138404632,0,0.001461651311554356
in_the_wild,manifest_order,Local-Base B32,3178,2029,1149,0.09834638816362051,0.9633006351334715,0.5342533267619517,0.9314933464760966,0.0,-0.00022433633120452767,-8.149885837305249e-06,0.05495197141438704,0.013411137940042082,0.20075777781185974,0,0.00025527587004801986
in_the_wild,manifest_order,Local-O1 B32,3178,2029,1149,0.09834638816362051,0.963331947852741,0.5544603252833908,0.8910793494332183,0.0,-0.00022433633120452767,2.316283343217762e-05,0.024386747410231373,0.005644117340461929,0.046942345771933874,0,0.002815086627749955
in_the_wild,seed2026,Frozen,3178,2029,1149,0.09857072449482504,0.9633087850193088,0.558896007885658,0.8822079842286841,0.0,0.0,0.0,0.0,0.0,0.0,0,0.0
in_the_wild,seed2026,Per-sample Base,3178,2029,1149,0.09955643173977329,0.9638655509044014,0.5581567274519468,0.8836865450961064,0.0,0.0009857072449482446,0.0005567658850925694,0.04267529905301884,0.013337850741671585,0.19909157138404632,0,0.001522303075156212
in_the_wild,seed2026,Local-Base B32,3178,2029,1149,0.09834638816362051,0.9632954878371532,0.5325283390832922,0.9349433218334154,0.0,-0.00022433633120452767,-1.3297182155591614e-05,0.05533289078264359,0.013398348035547552,0.20074243384986046,0,0.0002645856139073242
in_the_wild,seed2026,Local-O1 B32,3178,2029,1149,0.09834638816362051,0.9633405266799381,0.5559388861508132,0.8881222276983736,0.0,-0.00022433633120452767,3.174166062924755e-05,0.023510140237322837,0.005582388227276827,0.04175430848254413,0,0.0027889957560887596
in_the_wild,seed2027,Frozen,3178,2029,1149,0.09857072449482504,0.9633087850193088,0.558896007885658,0.8822079842286841,0.0,0.0,0.0,0.0,0.0,0.0,0,0.0
in_the_wild,seed2027,Per-sample Base,3178,2029,1149,0.09955643173977329,0.9638655509044014,0.5581567274519468,0.8836865450961064,0.0,0.0009857072449482446,0.0005567658850925694,0.04267529905301884,0.013337850741671585,0.19909157138404632,0,0.0015669581839955302
in_the_wild,seed2027,Local-Base B32,3178,2029,1149,0.09906357811729916,0.963269322414202,0.5335140463282405,0.932971907343519,0.0,0.0004928536224741153,-3.946260510678812e-05,0.05525277445738686,0.013388117781768174,0.2004617007696606,0,0.00026590073693171055
in_the_wild,seed2027,Local-O1 B32,3178,2029,1149,0.09906357811729916,0.9633049245470701,0.5554460325283391,0.8891079349433219,0.0,0.0004928536224741153,-3.860472238770285e-06,0.022814736998703886,0.00538758114094584,0.04327269157908635,0,0.0028556731907233446
in_the_wild,seed2028,Frozen,3178,2029,1149,0.09857072449482504,0.9633087850193088,0.558896007885658,0.8822079842286841,0.0,0.0,0.0,0.0,0.0,0.0,0,0.0
in_the_wild,seed2028,Per-sample Base,3178,2029,1149,0.09955643173977329,0.9638655509044014,0.5581567274519468,0.8836865450961064,0.0,0.0009857072449482446,0.0005567658850925694,0.04267529905301884,0.013337850741671585,0.19909157138404632,0,0.0015283570930771217
in_the_wild,seed2028,Local-Base B32,3178,2029,1149,0.09834638816362051,0.963352537038014,0.531789058649581,0.9364218827008378,0.0,-0.00022433633120452767,4.375201870521206e-05,0.05551127879836411,0.01338977022993257,0.20025495827535625,0,0.00025600939429083915
in_the_wild,seed2028,Local-O1 B32,3178,2029,1149,0.09834638816362051,0.9633542528034535,0.5561853129620503,0.8876293740758995,0.0,-0.00022433633120452767,4.546778414471486e-05,0.022688019931635217,0.005303864993267535,0.04123100271670334,0,0.0027826389197765367
in_the_wild,seed2029,Frozen,3178,2029,1149,0.09857072449482504,0.9633087850193088,0.558896007885658,0.8822079842286841,0.0,0.0,0.0,0.0,0.0,0.0,0,0.0
in_the_wild,seed2029,Per-sample Base,3178,2029,1149,0.09955643173977329,0.9638655509044014,0.5581567274519468,0.8836865450961064,0.0,0.0009857072449482446,0.0005567658850925694,0.04267529905301884,0.013337850741671585,0.19909157138404632,0,0.0014877440694468919
in_the_wild,seed2029,Local-Base B32,3178,2029,1149,0.09857072449482504,0.9633165059637862,0.5335140463282405,0.932971907343519,0.0,0.0,7.720944477318525e-06,0.05540435307332748,0.013406367937326807,0.20030923633173323,0,0.0002496831280404533
in_the_wild,seed2029,Local-O1 B32,3178,2029,1149,0.09834638816362051,0.9633679789269689,0.5559388861508132,0.8881222276983736,0.0,-0.00022433633120452767,5.9193907660071154e-05,0.021677064058201502,0.0052242461598406165,0.03665839412126341,0,0.002708874949936506
in_the_wild,seed2030,Frozen,3178,2029,1149,0.09857072449482504,0.9633087850193088,0.558896007885658,0.8822079842286841,0.0,0.0,0.0,0.0,0.0,0.0,0,0.0
in_the_wild,seed2030,Per-sample Base,3178,2029,1149,0.09955643173977329,0.9638655509044014,0.5581567274519468,0.8836865450961064,0.0,0.0009857072449482446,0.0005567658850925694,0.04267529905301884,0.013337850741671585,0.19909157138404632,0,0.0014792848508279007
in_the_wild,seed2030,Local-Base B32,3178,2029,1149,0.09834638816362051,0.96336454739609,0.531542631838344,0.936914736323312,0.0,-0.00022433633120452767,5.576237678117657e-05,0.05531163893926061,0.013401119909416287,0.20044421213764002,0,0.0002625564534220856
in_the_wild,seed2030,Local-O1 B32,3178,2029,1149,0.09834638816362051,0.9633375240904192,0.5537210448496797,0.8925579103006407,0.0,-0.00022433633120452767,2.8739071110339687e-05,0.023432816583323284,0.005485660965332282,0.0413205862171887,0,0.0028655729068741654
codecfake,manifest_order,Frozen,5000,686,4314,0.260932944606414,0.8230944473954891,0.6283059021343487,0.6311953352769679,0.11219286045433473,0.0,0.0,0.0,0.0,0.0,0,0.0
codecfake,manifest_order,Per-sample Base,5000,686,4314,0.260932944606414,0.8228325703418662,0.6283883511680055,0.6326530612244898,0.1105702364394993,0.0,-0.00026187705362290536,0.053366560898721216,0.014077844809538328,0.19397154239732742,0,0.00153734233280411
codecfake,manifest_order,Local-Base B32,5000,686,4314,0.260932944606414,0.8279200812055401,0.6222229205610319,0.6588921282798834,0.09666203059805285,0.0,0.004825633810050967,0.06565307260602712,0.014450689017400145,0.2077168928041123,0,0.0002740680846181931
codecfake,manifest_order,Local-O1 B32,5000,686,4314,0.260932944606414,0.8296765159471299,0.6413274429581091,0.5991253644314869,0.11821974965229486,0.0,0.006582068551640785,0.06404424899220466,0.011880068083107471,0.14581573979854584,0,0.002800052791586495
codecfake,seed2026,Frozen,5000,686,4314,0.260932944606414,0.8230944473954891,0.6283059021343487,0.6311953352769679,0.11219286045433473,0.0,0.0,0.0,0.0,0.0,0,0.0
codecfake,seed2026,Per-sample Base,5000,686,4314,0.260932944606414,0.8228325703418662,0.6283883511680055,0.6326530612244898,0.1105702364394993,0.0,-0.00026187705362290536,0.053366560898721216,0.014077844809538328,0.19397154239732742,0,0.0014795741747511784
codecfake,seed2026,Local-Base B32,5000,686,4314,0.260932944606414,0.8235587300686219,0.6098967900293437,0.6909620991253644,0.08924432081594807,0.0,0.0004642826731328098,0.06506214343756438,0.014262048229575157,0.19675758604109286,0,0.00024547827581409366
codecfake,seed2026,Local-O1 B32,5000,686,4314,0.260932944606414,0.8234935142346229,0.6189442198496724,0.6603498542274052,0.10176170607324989,0.0,0.00039906683913382146,0.027101005317270756,0.0062374835185706615,0.09078539212588221,0,0.002708086124804686
codecfake,seed2027,Frozen,5000,686,4314,0.260932944606414,0.8230944473954891,0.6283059021343487,0.6311953352769679,0.11219286045433473,0.0,0.0,0.0,0.0,0.0,0,0.0
codecfake,seed2027,Per-sample Base,5000,686,4314,0.260932944606414,0.8228325703418662,0.6283883511680055,0.6326530612244898,0.1105702364394993,0.0,-0.00026187705362290536,0.053366560898721216,0.014077844809538328,0.19397154239732742,0,0.0015548251596977935
codecfake,seed2027,Local-Base B32,5000,686,4314,0.260932944606414,0.8227411668025049,0.6081917169808515,0.6895043731778425,0.09411219286045433,0.0,-0.00035328059298422865,0.06505079490542412,0.014243798013031482,0.19602033104151487,0,0.00025229521559667775
codecfake,seed2027,Local-O1 B32,5000,686,4314,0.260932944606414,0.8228318945301148,0.6195081847561198,0.6559766763848397,0.10500695410292073,0.0,-0.0002625528653742437,0.02576085642874241,0.005983931727707386,0.08916965297199786,0,0.002778112397211953
codecfake,seed2028,Frozen,5000,686,4314,0.260932944606414,0.8230944473954891,0.6283059021343487,0.6311953352769679,0.11219286045433473,0.0,0.0,0.0,0.0,0.0,0,0.0
codecfake,seed2028,Per-sample Base,5000,686,4314,0.260932944606414,0.8228325703418662,0.6283883511680055,0.6326530612244898,0.1105702364394993,0.0,-0.00026187705362290536,0.053366560898721216,0.014077844809538328,0.19397154239732742,0,0.0014730372047139098
codecfake,seed2028,Local-Base B32,5000,686,4314,0.260932944606414,0.8223662602334795,0.6131109507184554,0.6822157434402333,0.09156235512285582,0.0,-0.0007281871620096192,0.06507510539144278,0.014256742848455906,0.19559578183442355,0,0.00025688245880883185
codecfake,seed2028,Local-O1 B32,5000,686,4314,0.260932944606414,0.8225210211245237,0.6190601215650178,0.6603498542274052,0.10152990264255911,0.0,-0.0005734262709653493,0.02563088555186987,0.005913317727483809,0.08824630652582273,0,0.0027613209004019156
codecfake,seed2029,Frozen,5000,686,4314,0.260932944606414,0.8230944473954891,0.6283059021343487,0.6311953352769679,0.11219286045433473,0.0,0.0,0.0,0.0,0.0,0,0.0
codecfake,seed2029,Per-sample Base,5000,686,4314,0.260932944606414,0.8228325703418662,0.6283883511680055,0.6326530612244898,0.1105702364394993,0.0,-0.00026187705362290536,0.053366560898721216,0.014077844809538328,0.19397154239732742,0,0.0015192709697730605
codecfake,seed2029,Local-Base B32,5000,686,4314,0.260932944606414,0.8238324338278924,0.6159929499318106,0.6778425655976676,0.09017153453871117,0.0,0.0007379864324033036,0.06525174638181924,0.014230906653404235,0.19588991041630507,0,0.000261911409185268
codecfake,seed2029,Local-O1 B32,5000,686,4314,0.260932944606414,0.823782761664173,0.6219755734600616,0.6545189504373178,0.10152990264255911,0.0,0.0006883142686838761,0.02600749886929989,0.005968958189338446,0.08832725934479385,0,0.002853612418018747
codecfake,seed2030,Frozen,5000,686,4314,0.260932944606414,0.8230944473954891,0.6283059021343487,0.6311953352769679,0.11219286045433473,0.0,0.0,0.0,0.0,0.0,0,0.0
codecfake,seed2030,Per-sample Base,5000,686,4314,0.260932944606414,0.8228325703418662,0.6283883511680055,0.6326530612244898,0.1105702364394993,0.0,-0.00026187705362290536,0.053366560898721216,0.014077844809538328,0.19397154239732742,0,0.0014674215809995076
codecfake,seed2030,Local-Base B32,5000,686,4314,0.260932944606414,0.8223841692448886,0.6081917169808515,0.6895043731778425,0.09411219286045433,0.0,-0.0007102781506005407,0.06523273092508317,0.01426240567713976,0.19620783206894993,0,0.0002506987602013396
codecfake,seed2030,Local-O1 B32,5000,686,4314,0.260932944606414,0.8224574948199029,0.6168579889734555,0.6603498542274052,0.10593416782568382,0.0,-0.0006369525755861583,0.02630251199901104,0.006064195454120636,0.08981733019049279,0,0.0028142670741857726
asv2019_la_dev,manifest_order,Frozen,4972,482,4490,0.00044543429844101645,0.9999621103605061,0.971880342670203,0.056016597510373446,0.00022271714922048998,0.0,0.0,0.0,0.0,0.0,0,0.0
asv2019_la_dev,manifest_order,Per-sample Base,4972,482,4490,0.00044543429844101645,0.9999625724292803,0.971880342670203,0.056016597510373446,0.00022271714922048998,0.0,4.620687742429297e-07,0.050964411189262655,0.00978116639340758,0.050742852344933656,0,0.0015160902791648545
asv2019_la_dev,manifest_order,Local-Base B32,4972,482,4490,0.00044543429844101645,0.9999574896727629,0.9646189318818212,0.07053941908713693,0.00022271714922048998,0.0,-4.620687743206453e-06,0.056011489774561274,0.009032977833067932,0.04069638425828231,0,0.00027404341884996916
asv2019_la_dev,manifest_order,Local-O1 B32,4972,482,4490,0.00044543429844101645,0.9999565655352143,0.9625442430851407,0.07468879668049792,0.00022271714922048998,0.0,-5.544825291803335e-06,0.05338438803499395,0.006950613201542646,0.07173247268529832,0,0.0028335708364517925
asv2019_la_dev,seed2026,Frozen,4972,482,4490,0.00044543429844101645,0.9999621103605061,0.971880342670203,0.056016597510373446,0.00022271714922048998,0.0,0.0,0.0,0.0,0.0,0,0.0
asv2019_la_dev,seed2026,Per-sample Base,4972,482,4490,0.00044543429844101645,0.9999625724292803,0.971880342670203,0.056016597510373446,0.00022271714922048998,0.0,4.620687742429297e-07,0.050964411189262655,0.00978116639340758,0.050742852344933656,0,0.001444783077670281
asv2019_la_dev,seed2026,Local-Base B32,4972,482,4490,0.00044543429844101645,0.9999519448474711,0.9656562762801615,0.06846473029045644,0.00022271714922048998,0.0,-1.0165513035009788e-05,0.05567881527296114,0.00896828614292578,0.03967528305569964,0,0.0002511857688812177
asv2019_la_dev,seed2026,Local-O1 B32,4972,482,4490,0.00044543429844101645,0.9999464000221793,0.963581587483481,0.07261410788381743,0.00022271714922048998,0.0,-1.5710338326813122e-05,0.05246965475650152,0.006821260273511644,0.07051312607934636,0,0.002785924918040729
asv2019_la_dev,seed2027,Frozen,4972,482,4490,0.00044543429844101645,0.9999621103605061,0.971880342670203,0.056016597510373446,0.00022271714922048998,0.0,0.0,0.0,0.0,0.0,0,0.0
asv2019_la_dev,seed2027,Per-sample Base,4972,482,4490,0.00044543429844101645,0.9999625724292803,0.971880342670203,0.056016597510373446,0.00022271714922048998,0.0,4.620687742429297e-07,0.050964411189262655,0.00978116639340758,0.050742852344933656,0,0.0014960497970877692
asv2019_la_dev,seed2027,Local-Base B32,4972,482,4490,0.00044543429844101645,0.9999551793288913,0.967730965076842,0.06431535269709543,0.00022271714922048998,0.0,-6.931031614754168e-06,0.055596595628551196,0.008982260585663284,0.03952870122505909,0,0.0002590302499070492
asv2019_la_dev,seed2027,Local-O1 B32,4972,482,4490,0.00044543429844101645,0.9999537931225684,0.963581587483481,0.07261410788381743,0.00022271714922048998,0.0,-8.317237937705002e-06,0.05280403961889799,0.006814764079537425,0.07011439815960256,0,0.002824840936256878
asv2019_la_dev,seed2028,Frozen,4972,482,4490,0.00044543429844101645,0.9999621103605061,0.971880342670203,0.056016597510373446,0.00022271714922048998,0.0,0.0,0.0,0.0,0.0,0,0.0
asv2019_la_dev,seed2028,Per-sample Base,4972,482,4490,0.00044543429844101645,0.9999625724292803,0.971880342670203,0.056016597510373446,0.00022271714922048998,0.0,4.620687742429297e-07,0.050964411189262655,0.00978116639340758,0.050742852344933656,0,0.0015512910664864964
asv2019_la_dev,seed2028,Local-Base B32,4972,482,4490,0.00044543429844101645,0.9999500965723739,0.9698056538735225,0.06016597510373444,0.00022271714922048998,0.0,-1.2013788132203551e-05,0.055590098986008044,0.00903001304777498,0.0422372785732048,0,0.0002554567127548374
asv2019_la_dev,seed2028,Local-O1 B32,4972,482,4490,0.00044543429844101645,0.9999514827786968,0.967730965076842,0.06431535269709543,0.00022271714922048998,0.0,-1.0627581809252717e-05,0.053635254873926376,0.007104675846147386,0.07021567638735313,0,0.0027002272733554276
asv2019_la_dev,seed2029,Frozen,4972,482,4490,0.00044543429844101645,0.9999621103605061,0.971880342670203,0.056016597510373446,0.00022271714922048998,0.0,0.0,0.0,0.0,0.0,0,0.0
asv2019_la_dev,seed2029,Per-sample Base,4972,482,4490,0.00044543429844101645,0.9999625724292803,0.971880342670203,0.056016597510373446,0.00022271714922048998,0.0,4.620687742429297e-07,0.050964411189262655,0.00978116639340758,0.050742852344933656,0,0.0014455038165821217
asv2019_la_dev,seed2029,Local-Base B32,4972,482,4490,0.00044543429844101645,0.9999505586411481,0.9646189318818212,0.07053941908713693,0.00022271714922048998,0.0,-1.1551719357960621e-05,0.055708866827159954,0.009032432092040889,0.041174527704926925,0,0.0002598040911257747
asv2019_la_dev,seed2029,Local-O1 B32,4972,482,4490,0.00044543429844101645,0.9999487103660509,0.9656562762801615,0.06846473029045644,0.00022271714922048998,0.0,-1.3399994455154385e-05,0.05296767470055977,0.006944264027382579,0.07029271432734675,0,0.002796279040344273
asv2019_la_dev,seed2030,Frozen,4972,482,4490,0.00044543429844101645,0.9999621103605061,0.971880342670203,0.056016597510373446,0.00022271714922048998,0.0,0.0,0.0,0.0,0.0,0,0.0
asv2019_la_dev,seed2030,Per-sample Base,4972,482,4490,0.00044543429844101645,0.9999625724292803,0.971880342670203,0.056016597510373446,0.00022271714922048998,0.0,4.620687742429297e-07,0.050964411189262655,0.00978116639340758,0.050742852344933656,0,0.0015070021564217199
asv2019_la_dev,seed2030,Local-Base B32,4972,482,4490,0.00044543429844101645,0.9999528689850198,0.9625442430851407,0.07468879668049792,0.00022271714922048998,0.0,-9.241375486301884e-06,0.05559798521278179,0.00901641215075801,0.041770267063824494,0,0.0002584001732064599
asv2019_la_dev,seed2030,Local-O1 B32,4972,482,4490,0.00044543429844101645,0.9999542551913427,0.9646189318818212,0.07053941908713693,0.00022271714922048998,0.0,-7.85516916335105e-06,0.05374337139382827,0.007027671977396971,0.07001520284443677,0,0.002700703009539929
