domain,arm,seed,count,auc,eer,eer_percent,fpr,fnr,balanced_accuracy,source_threshold,delta_auc_vs_frozen,delta_auc_vs_erm,delta_auc_vs_own_off,eer_gain_pp_vs_frozen,eer_gain_pp_vs_erm,eer_gain_pp_vs_own_off,relative_eer_drop_vs_frozen,adapt_seconds,inference_seconds,peak_gpu_bytes,updates,numerical_failures,auc_gain_ci_vs_frozen,eer_gain_ci_vs_frozen,auc_gain_ci_vs_erm,eer_gain_ci_vs_erm,auc_gain_ci_vs_residual_off,eer_gain_ci_vs_residual_off
itw_target10,frozen,13,3178,0.9633087850193088,0.09857072449482504,9.857072449482503,0.259733859043864,0.030461270670147953,0.8549024351429941,-1.6598733067512512,0.0,-0.0012851083141274255,,0.0,0.0,,0.0,0,0.0025802970048971474,0,0,0,,,,,,
itw_target10,erm,13,3178,0.9645938933334363,0.09857072449482504,9.857072449482503,0.24544110399211433,0.030461270670147953,0.8620488126688688,6.843263387680054,0.0012851083141274255,0.0,,0.0,0.0,,0.0,0,0.0025802970048971474,0,0,0,,,,,,
itw_target10,residual_off,13,3178,0.9611816648157847,0.10004928536224741,10.00492853622474,0.2779694430754066,0.020887728459530026,0.8505714142325317,7.01546835899353,-0.0021271202035241243,-0.00341222851765155,,-0.14785608674223738,-0.14785608674223738,,-0.014999999999999982,0,0.0025802970048971474,0,0,0,,,,,,
itw_target10,residual_on,13,3178,0.9397545425962363,0.12666338097585017,12.666338097585017,0.09709216362740267,0.18102697998259357,0.8609404281950019,18.816956520080566,-0.02355424242307258,-0.024839350737200006,-0.021427122219548456,-2.809265648102513,-2.809265648102513,-2.6614095613602755,-0.2849999999999999,0.0566934480011696,0.0025802970048971474,0,26,0,"[-0.029667652651253998, -0.018119075070665333]","[-0.039206463298610626, -0.01829533355348249]","[-0.030373878902663874, -0.019945823851765555]","[-0.038980289718174924, -0.018462552027272337]","[-0.02553881146141449, -0.01730989333555669]","[-0.03661434847478035, -0.017862073293172718]"
itw_target10,t3a_batch,13,3178,0.9630411256107588,0.10008703220191473,10.008703220191473,0.25924100542138984,0.02959094865100087,0.8555840229638046,-3.582536220550537,-0.0002676594085500028,-0.0015527677226774284,,-0.1516307707089687,-0.1516307707089687,,-0.015382941688424873,0,0.0025802970048971474,0,0,0,,,,,,
wavefake_dev,frozen,13,4096,0.9150028228759766,0.15771484375,15.771484375,0.00732421875,0.505859375,0.743408203125,-1.6598733067512512,0.0,-0.018123149871826172,,0.0,-1.708984375,,0.0,0,0.0032637990079820156,0,0,0,,,,,,
wavefake_dev,erm,13,4096,0.9331259727478027,0.140625,14.0625,0.00390625,0.52685546875,0.734619140625,6.843263387680054,0.018123149871826172,0.0,,1.708984375,0.0,,0.10835913312693499,0,0.0032637990079820156,0,0,0,,,,,,
wavefake_dev,residual_off,13,4096,0.9318928718566895,0.14501953125,14.501953125,0.01171875,0.42919921875,0.779541015625,7.01546835899353,0.01689004898071289,-0.0012331008911132812,,1.26953125,-0.439453125,,0.0804953560371517,0,0.0032637990079820156,0,0,0,,,,,,
wavefake_dev,residual_on,13,4096,0.933157205581665,0.1455078125,14.55078125,0.001953125,0.73876953125,0.629638671875,18.816956520080566,0.018154382705688477,3.123283386230469e-05,0.001264333724975586,1.220703125,-0.48828125,-0.048828125,0.07739938080495357,0.07452429299883079,0.0032637990079820156,0,32,0,"[0.012990528345108032, 0.022763994336128232]","[0.00634765625, 0.02344970703124999]","[-0.000894862413406372, 0.0009343326091766355]","[-0.005859375, 0.002941894531249989]","[0.0005010545253753662, 0.0020068049430847163]","[-0.00244140625, 0.00634765625]"
wavefake_dev,t3a_batch,13,4096,0.9206680059432983,0.1513671875,15.13671875,0.00732421875,0.498046875,0.747314453125,-3.582536220550537,0.005665183067321777,-0.012457966804504395,,0.634765625,-1.07421875,,0.04024767801857585,0,0.0032637990079820156,0,0,0,,,,,,
